edge_id,edge,producer_owner,input_authority,output_artifact,consumer_owner,cardinality,lifetime,failure_owner,cost_contract,allowed_dependency,forbidden_shortcut,phase,adjudication_status,implementation_status,completion_evidence
Q914E-001,"authored UI measurement dependency to installed binding reference","worth-ui-runtime source lowering","UI-authored view binding identity result shape and measurement dependency","sealed Worth UI installed-operation binding reference","worth-ui-query-binding application binding","one reference per admitted authored binding","prepared application generation","Worth UI lowering and binding-plan resolution","linear in changed authored bindings and zero for Query-free applications","worth-ui-runtime -> worth-ui-query-binding public facade","constructing Query operation semantics selectors or operating worlds in runtime lowering",1,resolved,complete,"the adjudicated edge is implemented by the existing sealed installed-reference lowering and remains the sole Phase 2 entry"
Q914E-002,"consumer projection contract to bound native request and key","worth-ui-query-binding snapshot request owner","exact Query consumer projection contract for one bound operation","one built WorthQueryBoundProjectionRequest plus its contract-resolved WorthQueryNativeAccessKey values","Query consume_bound progression retained by worth-ui-query-binding","one request and k keys per executed binding attempt","single operation attempt through settlement or typed stop","Query request builder and key resolution","O(k) selections for k declared UI facts with no projection scan","worth-ui-query-binding -> worth-query facade::installed","building a key from a UI field path string ordinal copied fact or another consumer contract",2,resolved,complete,"snapshot_native_request builds the bound request and resolves the native key from the same exact consumer contract"
Q914E-003,"bound operation to exact settled projection","Query installed operation progression","bound operation exact consumer contract and its bound projection request","move-only WorthQuerySettledDomainProjection with exact Query authority posture warnings provenance and counters","worth-ui-query-binding settlement retention","one settlement per successful execution attempt","candidate attempt until admission then retained source lifetime","Query execute publish consume and settle transitions","one typed progression per executed binding with no later-provider contact after earlier stop","worth-ui-query-binding -> worth-query facade::installed","assembling a settlement from receipts facts strings or copied contract fields",2,resolved,complete,"the zero-argument UI progression drives execute publish consume_bound and settle while retaining the exact move-only projection"
Q914E-004,"settled projection and native key to selected native value","Query native-access owner","exact settled or refreshed projection plus its pair-bound native key and row","borrowed Query native field access result or typed Query denial with exact counters","worth-ui-query-binding measurement refinement","one access per declared key and requested row","one derivation attempt","Query native-access boundary","O(1) per key and row; zero fact scans row scans and path parses","worth-ui-query-binding -> worth-query facade::installed","scanning display or derived fields falling back to ordinal access or caching a UI-owned selector map",2,resolved,complete,"measurement derivation performs one pair-bound native_value access and carries the exact Query counters and denial"
Q914E-005,"exact installed and lifecycle authority to admitted UI binding reference","worth-ui-query-binding source admission","exact installed reference plus owner-specific current compatibility replacement or rebind relationship","sealed UI-local binding-authority reference","worth-ui-runtime graph replacement planning and evidence owners","one current reference per admitted binding epoch with many downstream borrows","installed binding epoch","worth-ui-query-binding owner-specific validation","O(1) per admission or exact relationship check with no string digest","worth-ui-runtime -> worth-ui-query-binding public validation facade","minting from binding labels digests slot indexes source generations or a relationship witness for a different question",3,resolved,complete,"settled_authority privately mints the binding reference only after exact installed-reference validation"
Q914E-006,"exact settlement to admitted UI settlement reference","worth-ui-query-binding settlement admission","exact retained settled or refreshed Query projection plus current installed binding authority","sealed UI-local settlement reference for one source revision","worth-ui-runtime measurement graph touch and allocation owners","one source reference per admitted settlement revision with many compact downstream borrows","one retained settlement revision in one UI application generation","worth-ui-query-binding settlement validation","O(1) mint at slot publication and no per-dependent Query validation","worth-ui-runtime -> worth-ui-query-binding opaque reference surface","minting from settlement label copied binding label source order native bytes pointer address supplied by a caller or forcing settlement revision into stable plan identity",3,resolved,complete,"the owner privately mints one unique settlement reference per admitted projection revision and exposes only opaque clones"
Q914E-007,"selected native value to UI measurement consequence","worth-ui-query-binding measurement refinement","borrowed admitted Query native access plus UI measurement declaration and admitted source references","complete UI-owned measurement consequence with canonical value source coordinates and diagnostic posture","worth-ui-query-binding downstream state then worth-ui-runtime measurement evidence","one complete consequence per admitted settlement or refresh","same source revision and UI application generation as its settlement reference","Worth UI measurement refinement","O(k) in admitted UI measurement facts independent of unrelated projection width","internal worth-ui-query-binding then opaque facade to worth-ui-runtime","copying the Query fact bag reminting Query denial taxonomy or deriving selection from value shape",4,resolved,complete,"successful refinement creates one complete WorthUiSettledSnapshotFact and typed denial creates no consequence"
Q914E-008,"UI measurement consequence to retained slot and compact plan links","worth-ui-query-binding downstream settlement owner","complete measurement consequence exact retained projection and application publication mode","one complete generation-owned consequence slot stable binding-slot plan links and revision-specific fact touch or allocation references","worth-ui-runtime planning allocation and execution","one heavyweight slot with many compact dependent links","active application generation with one current source revision per slot","Worth UI slot publication and plan lowering","constant slot publication per consequence then linear only in affected dependents and requested rows; refresh does not relower stable plan links","worth-ui-runtime -> worth-ui-query-binding opaque read surface","copying Query proof key or full consequence per plan row global slot search cross-generation link partial in-place refresh or embedding settlement revision in plan equivalence",4,resolved,complete,"retention publishes one complete slot value; stable plan links resolve current state while fact touch and allocation evidence remains revision-specific"
Q914E-009,"shared live lease delivery to admitted invalidation delta","Query shared projection owner and lease","current move-only lease plus drained semantic delivery and current Query workspace","capability- and generation-bound admitted consumer invalidation delta","Query collection consumer retained inside worth-ui-query-binding","one admitted delta per nonempty current delivery","single refresh attempt through patch planning or typed stop","Query lease delta and readmission boundaries","bounded by exact delivered and compiled affected scope with no UI full-collection scan","worth-ui-query-binding -> worth-query facade::installed","using copied generation region stream metadata Foundational locator raw CDC or replay as invalidation authority",5,resolved,complete,"operation_live/resource.rs drains the retained move-only lease and admits the exact delta before collection binding; Query stale-lease hostile tests deny before mutation"
Q914E-010,"admitted invalidation delta to exact applied Query patch receipt","Query collection window and patch owner","current collection consumer current workspace and exact admitted lease delta","WorthQueryCollectionPatchApplicationReceipt or typed no-delivery or reset posture","worth-ui-query-binding patch translator","at most one applied receipt per admitted delta and delivery ordinal","single ordered consumer maintenance step","Query window binding patch planning and application","O(p + f) in applied operations and affected facts rather than collection width","worth-ui-query-binding -> worth-query facade::installed","diffing the full collection applying a patch from another lease reordering duplicate application or partial mutation after reset",5,resolved,complete,"the retained Query collection window binds the admitted delta then plans and applies exactly one patch; reset-required and pending-delivery tests preserve predecessor truth"
Q914E-011,"exact Query patch receipt to sealed UI collection-change consequence","worth-ui-query-binding patch translator","exact applied Query patch receipt compiled-impact-selected scope descriptive Foundational invalidation projection allocation policy and admitted binding or settlement source","sealed UI-owned row/source references plus graph measurement allocation and diagnostic effects","worth-ui-runtime framework-turn source owner","exactly one UI consequence per applied receipt and none after a stop","one framework-turn source handoff until admitted or dropped","Worth UI consequence translation","O(p + f) in exact receipt operations and facts with no unrelated-row scan","worth-ui-runtime -> worth-ui-query-binding consequence facade","exporting Query row handles entity identities keys continuation warnings result-state patch operations calling the value mounted identity or recompiling Query impact locally",5,resolved,complete,"collection_delivery translation consumes the exact receipt once and emits sealed WUI references and effects; product compile denial proves Query progression artifacts are absent; continuation diagnostics are behaviorally covered while result-state and warning mappings await a Query-owned ordinary producer"
Q914E-012,"sealed UI change consequence to framework-turn source admission","worth-ui-runtime framework-turn source capability","one sealed UI consequence bound to the current application generation and admitted Query source","one admitted framework-turn source fact or typed stale denial","future Milestone 3.12 changed-fact and rebind planner","one source admission per applied consequence","current framework turn until atomic publication or drop","Worth UI framework-turn transaction","O(1) source admission plus later affected-scope work owned by 3.12","internal worth-ui-runtime only","applying graph mutations from arbitrary caller code bypassing atomic source publication or pre-building the 3.12 rebind planner here",5,resolved,complete,"framework-turn source admission stages one consequence and publishes only on successful callback completion; unwind leaves prior truth current and no 3.12 planner is introduced"
Q914E-013,"active and candidate Query/UI evidence to application replacement","worth-ui-runtime replacement owner","complete candidate binding references admitted Query relationship evidence UI-authored meaning plans allocations and prior active generation","one typed preserve rebind replace retire or deny outcome and one atomic application publication","worth-ui-runtime activation and operation-live succession","one fan-in decision per affected binding and one publication per candidate","application replacement transaction","Worth UI application replacement","linear in changed bindings plus affected dependents and no global Query source rediscovery","worth-ui-runtime -> worth-ui-query-binding named validation and lifecycle facade","comparing Query labels using a diagnostic digest treating same-installation as replacement authority or partially publishing Query state",3,resolved,complete,"replacement combines owner-validated exact Query authority with authored UI meaning; foreign equal-looking installations deny before atomic publication"
Q914E-014,"exact retained Query source to terminal inspection projection","worth-ui-query-binding inspection owner","borrowed exact retained settlement or operation-live resource after operational admission","reporting-only labels posture warning counts and owner counter snapshots","worth-ui-runtime inspection and host-observation diagnostics","one projection per explicit observation request","terminal observation only and never readmitted","worth-ui-query-binding inspection","bounded by requested diagnostic rows and absent from ordinary frame work","worth-ui-runtime -> worth-ui-query-binding inspection facade","using projected strings digests counters or labels in equality hashing admission replacement touch allocation or Query re-entry",7,resolved,complete,"inspection owners borrow exact retained facts and resources; query_reporting_projection_boundary mechanically rejects operational reads and ordinary cost tests show no inspection work"
Q914E-015,"UI execution consequence to sealed host-neutral output","worth-ui-runtime execution and host-output owner","already-admitted UI graph measurement allocation and plan meaning","current sealed host-neutral output envelope and future 3.10 mounted receipts","egui and headless host adapters","one output set per requested frame","single frame receipt lifetime","Worth UI execution and mounting boundary","bounded by requested mounted or executable rows and no Query contact","host adapters -> Worth UI host facade","passing Query source keys rows patches settlements identity representations or authored declarations to the host",7,resolved,complete,"real egui and headless application contracts consume only sealed host-neutral frame output; the mixed disk Query lifecycle frames through egui without exposing Query artifacts to the host"
Q914E-016,"crate facade to production dependency boundary","worth-ui-query-binding public facade and road-1 contract","lifecycle-ordered UI consumer inputs and owner-held Query authority","narrow binding capabilities sealed UI consequences and observation projections","worth-ui-runtime worth-ui host adapters and downstream applications","one physical authority route for every production Query crossing","workspace architecture lifetime","boundary checker and generated agent-context contract","zero duplicate Query import or assembly paths and no compile-target island","worth-ui-query-binding -> worth-query; all other UI crates -> worth-ui-query-binding only","direct worth-query dependency from runtime graph host or app raw Query re-export replay on ordinary lanes or proof constructor exposure",7,resolved,complete,"road1.toml permits only worth-ui-query-binding to import Query; the product facade exposes declaration and registration capabilities only; compile topology remains 23 targets in two Cargo sessions"
