subsystem_id,subsystem,search_seed,search_scope,current_role,query_9_14_authority,classification,target_action,target_home,phase,manual_resolution,adjudication_status,implementation_status,exit_trigger,completion_evidence
QMOD-001,Installed operation semantic closure,"measurement_schema|measurement_selector|measurement_allocation_operation","worth-ui-query-binding/src/installed_domain/snapshot_measurement;worth-ui-query-binding/src/installed_domain/measurement_recording","Declares stable schema selectors result shape read meaning and mutation meaning once per installed package","WorthQueryDomainOperationDefinition installed with the domain package",replace,"Declare typed snapshot-measurement read and measurement-record workflow operations once; remove all per-call semantic construction from ordinary and certification gateways","worth-ui-query-binding/installed_domain/snapshot_measurement;worth-ui-query-binding/installed_domain/measurement_recording",2,"Stable Query meaning is Query declaration authority; UI may name its domain operation but may not reconstruct it on each call",resolved,complete,,"Equivalent real installations bind the same installed operation identity and semantic drift denies stale executors; the predecessor managed-live declaration adapter and detached open_using constructor are deleted"
QMOD-002,Installed operation executors,"graph_read_operation|record_measurement|local_collection_with_installed_operation","worth-ui-query-binding/src/compatibility/legacy_projection;worth-ui-query-binding/src/installed_domain/snapshot_measurement;worth-ui-query-binding/src/installed_domain/measurement_recording","Mixes volatile execution mechanics with stable operation meaning","Query package installs stable meaning and registers volatile executors separately",replace,"Place each volatile executor beside its stable definition inside the owning operation-family directory; missing executors deny through Query","worth-ui-query-binding/installed_domain/snapshot_measurement;worth-ui-query-binding/installed_domain/measurement_recording",2,"The executor is mechanism not declaration authority even when both currently live in one extension trait",resolved,complete,,"Real registered read and workflow executors execute through Query; exact registration-set mismatch and semantic-executor drift deny runtime construction before UI authority"
QMOD-003,Installed Worth UI domain reference,"WorthUiInstalledQueryDomain|rebind_to|shares_authority_with","worth-ui-query-binding/src/installed_domain","Retains the exact Query-installed domain handle and exposes UI-specific installation and rebind entry points","WorthQueryInstalledDomainHandle and Query rebind receipt",retain,"Keep only opaque exact-handle retention and UI domain reference ergonomics; do not let the wrapper activate or reconstruct an operating world","worth-ui-query-binding/installed_domain/reference",3,"This wrapper preserves Query authority rather than mirroring it; its authority-increasing methods are the part that must narrow",resolved,complete,,"The wrapper retains only the exact Query handle and exact rebind receipt; foreign workspaces deny before binding"
QMOD-004,Application Query binding plan,"WorthUiQueryBindingPlan|WorthUiInstalledQueryBindingPlan|activate","worth-ui-query-binding/src/entry/binding_plan.rs;worth-ui-runtime/src/facade/prepared_application_authority","Owns an installed domain plus local definitions and activates a UI-local binding world","WorthQueryInstalledOperatingWorld is the one ordinary attempt-scoped operating-world root",replace,"Reduce the plan to UI declaration and installed-operation reference ownership; route preparation replacement admission and fact refresh through one binding-owned operating-world gateway","worth-ui-query-binding/application_binding/operating_world_gateway",3,"Query-free application posture remains valid; an installed application must not create or store a second operating-world root",resolved,complete,,"The plan owns only installed references and Query-free posture; public file and Rust journeys bind through the attempt-scoped Query gateway"
QMOD-005,Runtime Query binding subsystem,"WorthUiRuntimeQueryBinding|WorthUiInstalledDownstreamQueryState","worth-ui-query-binding/src/entry/runtime_binding.rs;worth-ui-query-binding/src/entry/downstream_state","Stores installed references exact settlements and operation-native resources without owning Query progression","Query bound operation plus consumer boundary owns progression; UI binding owns installed references and downstream facts",replace,"Remove Query progression and predecessor projection retention from runtime state; retain only exact installed references settlements and operation-native resources","worth-ui-query-binding/application_binding;worth-ui-query-binding/entry/downstream_state",3,"The runtime state is legitimate only while every retained Query artifact remains exact and owner-minted",resolved,complete,,"Runtime preparation creates no Query operating world or bound operation; exact settlements and operation-native resources enter only through their owning progression boundaries"
QMOD-006,Installed UI view declaration,"WorthUiInstalledQueryView|measurement_view_with_lifecycle|QueryDeclarationUnavailable","worth-ui-query-binding/src/declaration/installed_view.rs;worth-ui-query-binding/src/application_binding/installed_operation_reference.rs","Turns a UI view declaration into old snapshot or live Query declarations and flattens declaration stops","Bound Query domain operation and typed Query progression denials",replace,"Retain UI view identity and presentation shape but resolve it to a sealed installed-operation reference; preserve exact Query stop topology","worth-ui-query-binding/application_binding/installed_operation_reference",3,"The UI declaration is legitimate UI meaning; the installed declaration mechanism and flattened stop are obsolete",resolved,complete,,"View registration validates UI identity lifecycle and shape then seals the exact operation marker into the prepared reference; the gateway consumes that reference without reconstructing operation choice"
QMOD-007,UI binding contract digest,"WorthUiQueryBindingContractIdentity|from_definitions","worth-ui-query-binding/src/declaration/binding_contract_identity.rs;worth-ui-runtime/src/runtime/replacement","Folds local definition digests and participates in support admission rebind and no-op decisions","Query consumer projection contract carries exact binding and support identity",diagnostic-only,"Remove it from admission equivalence and no-op authority; retain a clearly named diagnostic digest only if inspection still needs it","worth-ui-inspection/query_binding",4,"A digest can summarize UI declarations but cannot promote itself into current Query authority",resolved,complete,,"The local binding-contract identity type and file are deleted; replacement authority now requires exact installed authority and Query binding evidence"
QMOD-008,Query prerequisite basis model,"WorthUiQueryPrerequisiteBoundary|WorthUiQueryBasisAuthority|WorthUiQueryBasisPosture|ResolvedSnapshotBasis","deleted","Formerly repackaged Query basis support and projection-consumption posture into UI-local authority","WorthQueryConsumerProjectionContract and WorthQueryConsumerBoundary",delete,"Consume Query-minted support and exact settlement facts; retain only separately named UI allocation requirements","worth-ui-query-binding/application_binding/consumer_boundary",4,"A faithful semantic mirror still drifts independently and therefore cannot remain as compatibility",resolved,complete,,"The prerequisite basis model and its constructors are deleted; runtime admission consumes an exact settled Query fact plus UI binding identity"
QMOD-009,Consumed projection authority wrapper and index,"WorthUiQueryAuthorityHandle|WorthUiQueryAuthorityIndexKey|projection_contract_identity","deleted;worth-ui-query-binding/src/application_binding;worth-ui-query-binding/src/entry/downstream_state","Formerly retained consumed authority behind local Query authority wrappers","WorthQuerySettledDomainProjection carries exact authority execution publication warnings result state counters and provenance",delete,"Retain the exact settled projection as the upstream artifact and derive only non-authoritative lookup keys","worth-ui-query-binding/application_binding;worth-ui-query-binding/entry/downstream_state/settled_snapshot",5,"The exact move-only Query settlement supersedes opaque local authority wrappers",resolved,complete,,"The former authority handle index and projection-contract identity are deleted; one exact settlement is retained and its slot index rebuilds equivalently"
QMOD-010,Query measurement fact settlement,"WorthUiSettledSnapshotFact|WorthUiSettledQueryFactReceipt|WorthUiQueryAllocationSource","worth-ui-query-binding/src/application_binding/settled_measurement_fact;worth-ui-runtime/src/evidence/measurement","Derives allocation-facing measurement facts generations ordering warnings and invalidation from one exact Query settlement","WorthQuerySettledDomainProjection is upstream authority; UI measurement facts are downstream derivation",retain,"Derive UI measurement observations and source coordinates only from the exact settled projection","worth-ui-query-binding/application_binding/settled_measurement_fact;worth-ui-query-binding/entry/downstream_state/settled_snapshot",5,"The UI allocation fact is real UI meaning while Query progression and support remain owner-minted",resolved,complete,,"Snapshot execution publishes consumes and settles through Query once; one settled-fact receipt path derives UI observations with typed source coordinates and no predecessor adapter"
QMOD-011,Local Query support receipt,"WorthUiQuerySupportStatus|WorthUiQuerySupportReceipt|support_status_for_runtime_hook","worth-ui-runtime/src/runtime/replacement/admission/worth_ui_query_support_receipt.rs","Folds local hooks into supported deferred or unsupported and currently treats every hook as supported","WorthQueryConsumerProjectionContract is the sole Query support contract",replace,"Delete the local support enum and fold; let the binding owner carry the single-use Query contract only until it moves into consumption or the candidate is dropped","worth-ui-query-binding/consumer_boundary/contract_progression",4,"This is the clearest competing Query authority and cannot be repaired by making the local fold smarter",resolved,complete,,"The local support receipt file status enum hook fold counters and admission dependency are deleted; real Query unsupported denial and mint-once rejection are tested"
QMOD-012,Local Query binding posture,"WorthUiQueryBindingPosture|SupportAdmission|BasisCapability|AsyncResultState|Recovery|ProjectionConsumption","worth-ui-runtime/src/runtime/replacement/query_binding/posture.rs","Mirrors Query support basis live async recovery inspection projection and denial dimensions","Query consumer contract owns Query dimensions and Query boundary requirements own coarse presentation and allocation posture; Worth UI owns richer allocation result-shape denial-presentation and inspection relevance",replace,"Delete mirrored Query fields; keep one distinct UI-only binding-requirements type while the binding owner places only Query-recognized posture into the temporary Query boundary","worth-ui-runtime/runtime/replacement/query_binding/ui_requirements",4,"Denial presentation is UI meaning; the other copied dimensions are Query meaning and must not share one posture product",resolved,complete,,"The mirrored posture product is replaced by explicitly UI-owned requirements; presentation drift remains visible but cannot manufacture Query support or preservation authority"
QMOD-013,UI binding identity,"WorthUiQueryBindingIdentity|view_binding_id|query_view_identity|result_shape","worth-ui-runtime/src/runtime/replacement/query_binding/identity.rs","Pairs UI binding identity with Query view identity and UI result-shape requirement","UI owns placement and presentation identity while Query owns installed-domain authority bound-operation identity and settled authority",retain,"Keep UI binding identity but replace local Query-view digest inputs with exact installed-domain authority Query-minted binding identity and a generation-scoped settled-slot reference","worth-ui-runtime/runtime/replacement/query_binding/identity",6,"UI and Query identities are both necessary and neither may be collapsed into the other",resolved,complete,,"UI binding and result-shape identity remain distinct while replacement evidence attaches exact installed authority and the retained Query-minted binding identity"
QMOD-014,Query binding comparison and no-op equivalence,"WorthUiQueryBindingComparison|posture_drifts|PreserveMeaning|RebindRequired","worth-ui-runtime/src/runtime/replacement/query_binding;worth-ui-runtime/src/runtime/replacement/query_live_rebind","Classifies replacement by UI identity local posture and several locally folded digests","Exact installed-domain authority plus Query-minted bound-operation identity and currentness plus UI binding meaning define replacement equivalence",replace,"Compare exact installed authority Query binding identity installation currentness and UI-only meaning; make local hashes support projections and identity strings insufficient alone","worth-ui-runtime/runtime/replacement/query_binding/equivalence",6,"The replacement pipeline is valid UI ownership but its present equivalence basis is not",resolved,complete,,"Production comparison requires equal exact installed references and current installation plus retained active Query-minted settlement identity or exact managed-live evidence; a present candidate settlement must carry the same Query identity. Missing one-sided stale foreign or unequal authority fails closed to rebind while UI-only drift remains independently classified; final succession revalidates currentness before publication"
QMOD-015,Replacement admission and application no-op,"WorthUiCandidateAdmission|query_support_receipt|QueryAwarePlanOutcome|NoOp","worth-ui-runtime/src/runtime/replacement/admission;worth-ui-runtime/src/runtime/activation","Uses local Query support and contract digests to admit candidates and classify no-op activation","The single-use Query contract proves support and progression; UI application authority proves complete replacement generation",replace,"Carry unconsumed Query phase values only until candidate no-op dismissal or exact progression into a candidate settlement; publish only through the complete application transaction","worth-ui-runtime/runtime/replacement/admission",6,"Application replacement remains UI-owned but Query readiness must arrive as Query proof",resolved,complete,,"Candidate replacement accepts exact settled Query projection ownership before lowering; comparison contributes to the existing atomic application transaction only and missing Query identity cannot be hidden by semantic no-op classification"
QMOD-016,Query dependency invalidation and topology impact,"WorthUiQueryDependencyInvalidation|WorthUiQueryTopologyImpact|affected_query","worth-ui-runtime/src/runtime/replacement/narrowing;worth-ui-runtime/src/runtime/replacement/impact","Derives which UI nodes and allocation neighborhoods are affected by a binding change","Worth UI owns downstream dependency and allocation impact derived from exact Query binding change",retain,"Keep delta-local UI impact logic and change its inputs to exact comparison evidence","worth-ui-runtime/runtime/replacement/query_impact",7,"Query does not own which UI plan rows consume a binding; this is valid downstream UI derivation",resolved,complete,,"One changed Query binding in 192 unrelated bindings compares two indexed entries and invalidates only eight dependent handles; exact counters remain independent of unrelated application width"
QMOD-017,Execution plan Query links and frame gateway,"WorthUiQueryLaneFactLink|WorthUiQuerySettledFactLink|QuerySettledFact|query_projection","worth-ui-runtime/src/runtime/planning;worth-ui-runtime/src/runtime/execution;worth-ui-runtime/src/runtime/allocation_frame_dispatch","Carries Query binding posture into lowered lanes and converts settled facts into frame ingress","UI owns lowered plan and allocation ingress but not Query support or progression",retain,"Carry compact application-generation-scoped settlement and UI-fact references; remove mirrored posture fields and heavyweight Query phase values from plan rows","worth-ui-runtime/runtime/planning/query_binding;worth-ui-runtime/runtime/allocation_frame_dispatch/gateway",7,"These are required cross-runtime edges rather than a second Query runtime when their inputs remain proof-bearing",resolved,complete,,"Generation-scoped plan links resolve one retained fact directly; stale-generation links deny before allocation submission and virtualized range execution performs one link and evidence lookup for the requested range"
QMOD-018,Query diagnostics and inspection projection,"WorthUiQueryInspection|WorthUiSettledSnapshotInspection|WorthUiExactQueryArtifactInspection|query_reporting_projection","worth-ui-query-binding/src/inspection;worth-ui-runtime/src/runtime/host_observation/diagnostics;worth-ui-runtime/src/evidence/measurement/projection;worth-ui-inspection","Projects Query outcomes and UI allocation relevance for operators and inspection","Query owns stop and progression semantics; UI owns relevance and presentation",retain,"Project exact Query denials warnings counters binding observations and settled-projection references without a local status taxonomy or durable contract claim","worth-ui-query-binding/inspection;worth-ui-runtime/runtime/host_observation/diagnostics;worth-ui-inspection/query_binding",8,"Presentation is not authority; lossy mapping is the defect not the existence of a UI diagnostic projection",resolved,complete,,"Compact and rich inspection retain the exact settled projection and identical outcome identity; evidence richness changes only materialization counters while typed Query denials and warnings remain unflattened"
QMOD-019,Operation-native live projection resource,"WorthUiOperationLiveResource|open_operation|refresh","worth-ui-query-binding/src/operation_live","Owns the Query lease bounded collection consumer admitted invalidation patch translation and exact-once disposal","Query 9.14 installed operation lifecycle sharing invalidation collection window and patch delivery","retain,"Open the installed operation through the Query-owned operating-world entry; retain Query's lease and collection consumer; translate only admitted patch receipts into UI consequences","worth-ui-query-binding/src/operation_live",9,"UI owns allocation consequences but not Query lifecycle invalidation row identity patch meaning or disposal truth",resolved,complete,,"The production lifecycle uses one Query settlement to derive the collection consumer and lease; refresh and typed disposal preserve exact Query outcomes and the predecessor compatibility tree is deleted"
QMOD-020,Live binding succession and rebind,"WorthUiPreparedQueryBindingSuccession|WorthUiQueryBindingSuccessionChange|query_succession","worth-ui-query-binding/src/entry/succession.rs;worth-ui-runtime/src/runtime/replacement/query_succession","Coordinates UI replacement preservation rebind retirement and denial for operation-native Query resources","Query owns live capability and lease lifecycle; UI owns which active UI binding succeeds another",retain,"Base succession on exact current Query binding settlement and operation-native lifecycle evidence","worth-ui-query-binding/entry/succession;worth-ui-runtime/runtime/replacement/query_succession",9,"UI succession is application ownership rather than Query operation lineage",resolved,complete,,"Exact installed references drive preserve rebind and retirement; stale or foreign references deny before publication and fallible precommit interruption reaps candidate resources while preserving prior active ownership"
QMOD-021,Public Query binding facades,"facade/query_binding|pub use.*WorthUiQuery|operation_live","worth-ui-query-binding/src/lib.rs;worth-ui-runtime/src/facade/query_binding.rs;worth-ui/src/facade/query_binding.rs","Expose audience-safe Query installation settlement lifecycle and application binding surfaces","Worth UI facade may expose UI capabilities while Query construction authority stays sealed in Query types",retain,"Curate one lifecycle-ordered facade and exclude local Query posture prerequisite and compatibility constructors","worth-ui-query-binding/src/lib.rs;worth-ui-runtime/src/facade/query_binding.rs;worth-ui/src/facade/query_binding.rs",8,"A facade is required; breadth and authority leakage are the risks",resolved,complete,,"The facade exposes installed-operation progression exact settlement operation-native live refresh typed disposal and inspection; no compatibility module or locally minted Query authority remains"
QMOD-022,Query certification fixtures and lifecycle scenarios,"installed_projection_fixture|query_consumer_kit_vertical_journey|query_replacement_lifecycle|for_test","worth-ui-query-binding/src/certification;worth-ui-certification/tests/application_contracts;worth-ui-runtime/src/runtime/tests","Mixes useful real lifecycle scenarios with manufactured local posture and digest fixtures","Real Query Consumer Kit operating-world progression is the proof source",replace,"Replace manufactured support basis settlement and digest authority with real Query installation execution publication consumption and settlement; extend existing targets","worth-ui-certification/tests/application_contracts/query_consumer_kit_vertical_journey;worth-ui-certification/tests/application_contracts/query_replacement_lifecycle",10,"Tests must expose weakness in production boundaries rather than prove that renamed migration tokens disappeared",resolved,complete,,"The existing application_contracts target writes real .wui bytes and completes install bind execute publish consume settle lower activate frame inspect replace and cleanup; its scenario family also proves foreign stale mixed equal-digest unsupported partial duplicate-mint interruption and live-compatibility denials without source sentinels or new test targets"
QMOD-023,Runtime identity-state-Query residue certification,"WorthUiStateQueryResidueScan|WorthUiRuntimeQueryStateObservation|strict_residue_scan","worth-ui-runtime/src/runtime/host_observation/identity_state_query_certification;worth-ui-query-binding/src/entry/observation/query_state_observation.rs","Examines actual active state for orphan durable state stale live binding and UI-local status residue","UI owns active application coherence; Query owns contract and stop truth",retain,"Keep runtime-state coherence certification but replace local-status probes with exact installed-authority binding settlement-slot and settled-projection coherence; active state must not claim to retain the consumed contract","worth-ui-runtime/runtime/host_observation/identity_state_query_certification",10,"This is a behavioral state scan not a source migration sentinel; it remains valuable after its mirrored-status premise is removed",resolved,complete,,"The scan derives Query installation reference currentness retained settlement and live-resource counts from active production stores and joins them to generation-scoped plan-link membership; stale installed references deny strict certification and Query-free observation proves no dummy Query world"
QMOD-024,Replay aftermath and operation lineage,"WorthQueryReplay|WorthQueryAftermath|WorthQueryLineage|reexecution","all Worth UI production crates","No production matches found in the initial broad search","Query cert-only replay aftermath and data-lineage semantics do not model ordinary UI binding replacement",unrelated,"Do not import these surfaces for 3.9.1 and do not reinterpret live binding succession as operation lineage","none",9,"Absence is a manually resolved semantic decision not a permanent grep assertion",resolved,no-action,,"Review confirms UI ordinary lanes use execution outcomes only; no migration test enforces token absence"
QMOD-025,Crate dependency boundary,"worth-query|worth-query-decl|worth-query-host|worth-query-replay","workspaces/worth-ui/crates/*/Cargo.toml;tools/boundary-check/config/road1.toml","Controls which Worth UI crates can reach Query audience facades","Road-1 boundary configuration is the machine authority for allowed dependency direction",replace,"Permit worth-ui-query-binding as the sole production importer of worth-query; runtime and inspection consume binding-owned artifacts and certification remains the explicit hostile-fixture exception; never admit replay to ordinary crates","Cargo.toml;tools/boundary-check/config/road1.toml",10,"Dependency enforcement is appropriate mechanical proof because it guards authority direction rather than migration spelling",resolved,complete,,"Boundary check and generated agent-context check pass with one production Query importer and no ordinary replay dependency"
QMOD-026,Authored Query binding and view registration,"worth_ui_query_binding_semantics|QueryViewRegistration|QueryDenialPresentation","worth-ui-runtime/src/source/lower/binding_semantics;worth-ui-runtime/src/capability/registry/view_binding","Owns authored UI references result-shape needs and denial presentation policy","Worth UI owns authoring and presentation; Query owns bound operation legality and runtime support",retain,"Keep authored UI meaning and resolve it to installed operation references during preparation rather than constructing Query declarations","worth-ui-runtime/source/lower/binding_semantics;worth-ui-runtime/capability/registry/view_binding",3,"These declarations are UI product meaning and must not be deleted merely because their names contain Query",resolved,complete,,"Production filesystem ingress over real .wui bytes and Rust source ingress preserve distinct provenance yet resolve equal installed references and the same Query binding identity"
