edge_id,edge,source_owner,input_artifact,input_authority,output_artifact,destination_owner,validation,weakened_output,lifecycle,denial,cost_contract,eventual_disposition,allowed_dependency,forbidden_shortcut,phase,manual_resolution,adjudication_status,implementation_status,completion_evidence
M310E-001,"Admitted runtime tuple to mounted-instance projection","worth-ui-runtime application graph measurement allocation and plan owners","Exact admitted application generation graph world measurement consequences committed allocation and execution plan","Each upstream owner retains authority; mounting receives opaque exact references and semantic inputs","Mounted instance delta and zero-to-many mounting indexes","worth-ui-runtime/mounting/identity node_projection and indexes","Exact runtime-world application graph and source-basis affinity before mutation","Inspection labels digests and authored declarations cannot be operational inputs","Initial mount or one admitted changed-instance delta","Foreign stale mixed incomplete or disclosure-invalid input denies without index mutation","Initial O(mounted semantic closure); steady O(changed instances plus affected indexes)","Become the sole construction edge for mounted instances","internal worth-ui-runtime dependency only","Minting identity from graph node digest position geometry native widget ID or public scalar",2,"Graph retains semantic identity while mounting owns incarnation surface and frame relationships","resolved","complete","Phase 2 and 3 runtime/model evidence"
M310E-002,"Graph semantic instance basis to mounted incarnation identity","worth-ui-runtime graph identity owner","Graph node identity plus admitted repeated-instance basis semantic surface and operating world","Exact graph meaning and mounting lifecycle state","Owner-minted UiMountedInstanceIdentity with opaque mount incarnation","worth-ui-runtime/mounting/identity","Reorder preserves active incarnation; actual unmount closes it; remount mints a new one","Printable IDs order indexes geometry and host handles","Mount incarnation across frames until actual unmount or world retirement","Duplicate active mount stale unmount foreign world and resurrection deny","O(1) transition plus affected index work","Replace UiMountedReceiptIdentity one-to-one transition edge","graph -> mounting internal module direction","Using stable list position or content equality as instance identity",2,"Reorder and unmount/remount are separately adjudicated lifecycle operations","resolved","complete","Phase 2 bounded model and hostile controls"
M310E-003,"Semantic surface to host surface binding generation","worth-ui-runtime mounting and worth-ui-host-contract registration owners","Owner-minted semantic surface identity host-session-owned registered surface capability scale coordinate resource and presentation mode","Separate exact semantic and native identities plus registration authority","UiSurfaceBindingGeneration","worth-ui-runtime/mounting/identity and host_exchange/presentation_admission","Known-empty registration current host session capability compatibility and exact generation","Surface names OS handles and capability summaries","Current association until reset deregistration session end or explicit rebind","Missing stale foreign unsupported or unclassified surface denies before effects","O(1) per binding; O(required surfaces) per attempt","Become the only semantic-to-native association edge","runtime may use host-contract inert values; adapter implements registration mechanics","Equating semantic surface with native handle or reminting from matching scalar values",2;5,"The two endpoint identities and their association remain separate types and rows","resolved","complete","Phase 2 identity and Phase 5 admission evidence"
M310E-004,"Mounted instance to frame-scoped node receipt","worth-ui-runtime/mounting/node_projection","Current mounted instance exact frame identity admitted semantic meaning and affected allocation/plan projections","Runtime-owned current mount and upstream opaque bases","UiMountedNodeReceipt with separate paint input focus hit-test accessibility motion and diagnostic participation","worth-ui-host-contract/mounted_frame inert receipt consumed by runtime frame assembly","Completeness schema disclosure audience and exact instance/frame affinity","Rich authored Query causal credentials and diagnostic-only explanations","One immutable prepared-frame candidate","Incomplete over-disclosed foreign stale or mixed-frame projection denies whole candidate","O(changed instances plus compact affected facts); no generic receipt per primitive","Become the sole mechanical node projection edge","worth-ui-runtime -> worth-ui-host-contract public inert contract","Copying application declarations Query rows or upstream proof into the host receipt",3,"Mechanical projection is complete enough for adapters yet weaker than semantic authority","resolved","complete","Phase 3 independent authored expectations and hostile disclosure tests"
M310E-005,"Lane execution contributions to complete mounted frame assembly","worth-ui-runtime execution lane owners","All participating admitted lane receipts cross-lane execution bundle mounted node receipts required surface manifest and exact basis references","Execution owns lane truth; mounting owns completeness and frame identity","UiPreparedMountedFrame and sealed UiMountedFrameReceipt","worth-ui-runtime/mounting/frame_assembly plus worth-ui-host-contract/mounted_frame","All required lanes surfaces nodes compact tables protocol schema integrity cost and recovery posture agree before sealing","Per-lane envelope summary and optional trace sidecars","One assembly attempt until admission presentation or drop","Missing duplicate foreign generation-mixed over-budget or unsupported candidate denies before effects","O(changed contributions plus compact batches and affected surfaces); no surfaces*nodes cross product","Replace lane-local host-output projection and direct preview candidate paths","internal runtime assembly using host-contract inert values","Presenting a lane receipt treating non-empty as complete or minting frame identity from content digest",4,"Every lane and preview contribution is fan-in to one candidate and no contribution is independently presentable","resolved","complete","Phase 4 assembly/model evidence"
M310E-006,"Preview semantic output to canonical mounted frame","worth-ui-runtime allocation frame dispatch and drag-resize owner","Admitted preview semantic surface allocation graph and execution contribution","Same upstream authority as any other mounted contribution","Preview surface contribution inside UiPreparedMountedFrame","worth-ui-runtime/mounting/frame_assembly","Exact preview surface and tuple basis plus complete frame validation","UiHostPreviewPaintInput and discard diagnostic reason","Candidate frame lifecycle rather than direct callback lifecycle","Superseded invalid or incomplete preview produces typed no-publication outcome","O(affected preview contribution and surface)","Delete direct WorthUiPreviewPaintHost resolve and discard path after cutover","internal runtime only then canonical host contract","Calling host paint before full-frame admission or retaining a compatibility callback",4;7,"Preview is not a special native-effect authority","resolved","complete","Phase 4 parity then Phase 7 deletion"
M310E-007,"Prepared mounted frame to admitted presentation attempt","worth-ui-runtime/mounting/frame_assembly","Complete sealed prepared frame exact host session protocol schema required manifest surface bindings capability and recovery posture","Preparation proves completeness but grants no host effects or publication","UiAdmittedMountedPresentationAttempt with frozen binding set","worth-ui-runtime/host_exchange/presentation_admission","Negotiate protocol and validate every required binding capability and complete frame basis before effects","Diagnostic compatibility labels and receipt digests","Attempt-scoped through all completions rejection cancellation pending or indeterminate","Any preflight mismatch returns typed denial with no native effects","O(required surfaces plus protocol capability checks)","Become the only runtime-to-adapter admission edge","worth-ui-runtime -> worth-ui-host-contract; adapter crates -> host-contract","Calling one surface or adapter before all surfaces pass preflight",5,"Frozen all-surface admission is the protection against mixed generations and partial preflight effects","resolved","complete","Phase 5 scripted-host and real-adapter evidence"
M310E-008,"Admitted attempt to per-surface native completion","worth-ui-host-contract adapter port implemented by headless and egui","Admitted frame view and one frozen required surface-binding set","Runtime admission authority; adapters own only native mechanics","Typed per-surface presented rejected-before-effects pending or effects-indeterminate completion evidence","worth-ui-runtime/mounting/presentation_reconciliation","Completion protocol identity sequence surface binding frame basis and declared presentation mode","Adapter logs debug labels screenshots and non-empty render output","Attempt and bounded in-flight completion lifecycle","Lost reordered duplicate foreign cancellation and partial-effect results never become complete success","O(translated output plus completions) with explicit in-flight and queue bounds","Replace consume_output Consumed/Rejected contract","host adapter -> worth-ui-host-contract only; runtime coordinates results","Treating record-only as pixels presented or inferring success from callback return",5,"Headless transcript scripted host and egui consequences have deliberately different proof scopes","resolved","complete","Phase 5 independent protocol and adapter observers"
M310E-009,"All-surface presentation evidence to atomic current tuple publication","worth-ui-runtime/mounting/presentation_reconciliation","Complete exact presentation evidence plus fully prepared application graph plan allocation indexes and frame handles","Presentation evidence proves effects only; publication owner validates exact candidate affinity","UiMountedFramePublicationEvidence and atomically current runtime tuple","worth-ui-runtime/mounting/publication","Every required surface completed declared mode and all prepared handles match one candidate; commit path is infallible","Presentation logs receipt equality and application publication observation","One total commit after complete presentation","Rejected or preparation failure preserves predecessor; indeterminate leaves predecessor current and blocks affected bindings","O(1) handle swap over prebuilt state with no allocation decision or external call","Become the sole success publication edge for ordinary turns and replacement","internal worth-ui-runtime only","Publishing application plan allocation or indexes before complete frame evidence or attempting host rollback",6,"Presentation and publication evidence remain separate so neither can authorize the other implicitly","resolved","complete","Phase 6 fault-injection and current-tuple inspection"
M310E-010,"Replacement candidate to same mounted publication owner","worth-ui-runtime application replacement","Complete candidate application graph plan allocation Query binding relationships and affected mounted projection","Replacement owner prepares candidate; it does not publish mounted truth independently","Prepared and presented replacement candidate","worth-ui-runtime/replacement/mounted_publication delegating to mounting/publication","Exact predecessor candidate and host binding relationships; same presentation/publication checks as ordinary frames","Replacement digest or observation labels","Replacement transaction through publish preserve retry or indeterminate block","Any candidate preparation or presentation failure preserves complete predecessor tuple","Linear in changed application and affected mounted closure; no unrelated source rediscovery","Remove early replacement publication and converge on M310E-009","internal worth-ui-runtime dependency","Publishing a replacement frame through a second commit path or partially updating Query/UI/mount state",6,"Replacement is an alternate source of candidates not an alternate publication authority","resolved","complete","Phase 6 real replacement lifecycle"
M310E-011,"Published frame to bounded retention and inspection","worth-ui-runtime/mounting/publication","Current published tuple frame presentation and publication evidence retention policy and disclosure authority","Publication owner grants currentness; retention owner grants only bounded availability","Retained frame reference and terminal UiMountedFrameInspectionEvidence","worth-ui-runtime/mounting/retention and inspection/mounted_frame","Exact publication reference audience redaction expiry and bound checks","Printable identities summaries optional traces and omission records","Current predecessor in-flight and retained evidence lifetimes are separately bounded","Expired redacted omitted or over-capacity evidence is typed and never reconstructed","O(requested evidence) with named frame report trace and sidecar bounds","Add without making inspection an operational input","runtime inspection facade may borrow mounting retention","Re-admitting inspection labels or retaining unbounded frames reports or traces",6,"Operational retained handles and weakened inspection projections remain different artifacts","resolved","complete","Phase 6 retention counters and compile/runtime denial"
M310E-012,"Native mechanics to raw report batch","worth-ui-host adapters","Pointer keyboard focus scroll clock tick text IME and other declared native mechanics plus exact session surface and presented-frame basis","Host owns observed mechanics but no semantic UI authority","Bounded UiRawHostObservationReportBatch","worth-ui-host-contract/observation_report","Adapter stamps protocol schema family sequence time and exact local binding basis; batch bounds enforced","Platform logs widget IDs and screenshots","Non-reentrant batch from native event collection until runtime validation or drop","Unsupported malformed oversized and unavailable basis reports are denied before runtime admission","O(batch size) with explicit queue coalescing overflow and retention policy","Become the only general host-report return edge","host adapter -> worth-ui-host-contract; runtime receives contract values","Calling runtime reentrantly or converting mechanics into intent focus policy or mutation",8,"The host may report mechanics but never decides their semantic meaning","resolved","complete","Phase 8 scripted and real-adapter report evidence"
M310E-013,"Raw report batch to structurally validated report","worth-ui-runtime/host_exchange/observation_report_validation","Raw bounded report exact current host session surface binding presented-frame basis protocol sequence and blocked-binding state","Raw host evidence is untrusted","UiValidatedHostObservationReport still semantically unadmitted","future Milestone 3.12 intake owner via narrow runtime handoff","Validate shape provenance protocol schema sequence generation bounds coalescing overflow shutdown and reconciliation posture","Diagnostics and normalized labels cannot substitute for validated report","Validation attempt then immediate handoff bounded retention or drop","Duplicate reordered stale foreign overflow shutdown and indeterminate-binding reports have typed outcomes","O(batch size) plus bounded O(1) sequence state per binding","Introduce and stop before semantic observation admission","internal worth-ui-runtime handoff only","Treating validation as focus hit-test intent command Query or application authority",8,"This edge intentionally ends in a weaker artifact for the later milestone","resolved","complete","Phase 8 model and hostile sequence tests"
M310E-014,"Solicited measurement request to admitted measurement evidence","worth-ui-runtime measurement request owner and host adapter","Owner-minted request identity family payload capability posture host session and matching host result","Request-response affinity grants only measurement evidence progression","Renamed solicited UiHostMeasurementEvidence and admitted runtime measurement result","worth-ui-host-contract/measurement_exchange and worth-ui-runtime/host_exchange/measurement_admission","Exact request session family payload result and currentness validation","General raw reports and measurement diagnostics","One request through response denial timeout or cancellation","Unsolicited duplicate stale foreign mismatched or malformed result denies","Existing payload-specific bounded cost; no participation in general report queue","Retain semantics rename type and remove UiHostObservation ambiguity","runtime -> host-contract exchange; adapter implements mechanics","Feeding a general report into measurement admission or using measurement evidence as general observation authority",8,"Solicited evidence and unsolicited reports are distinct protocol families","resolved","complete","Phase 8 existing hostile measurement tests plus renamed facade"
M310E-015,"Query-settled UI consequence to mounted projection without Query leakage","worth-ui-query-binding and worth-ui-runtime admitted consequence owners","Already admitted UI-owned measurement or collection consequence and opaque binding/source references","Query owns settlement and native access; UI owns admitted consequence","UI-only mounted node and frame mechanical facts","worth-ui-runtime/mounting/node_projection","Only admitted UI consequence and exact local source references may affect projection","Query identities rows patches diagnostics provenance leases and counters","Affected UI consequence through current mounted frame","Foreign stale or incomplete local consequence denies before projection","O(affected UI facts) independent of total Query projection width","Retain existing Query boundary and forbid any new host edge","worth-ui-runtime -> worth-ui-query-binding only through existing audience facade; no host Query dependency","Projecting Query artifacts or recontacting Query during frame assembly presentation or report validation",3;4;8,"Milestone 3.10 consumes post-9.14 UI truth and creates no Query-shaped host product","resolved","complete","Boundary dependency gate and Phase 3/4 hostile disclosure evidence"
M310E-016,"Headless mounted translation to canonical mechanical transcript","worth-ui-host-contract/headless adapter","Admitted record-only mounted frame view and exact binding generation","Adapter owns translation mechanics only","Bounded post-translation headless transcript and typed record-only completion","worth-ui-runtime presentation reconciliation consumes completion; certification observes transcript","Transcript entries arise after production translation and preserve clip order accessibility and declared mechanics","Input receipt echo debug label and pre-translation counts","One frame translation with bounded retained transcript","Malformed unsupported overflow or mismatched binding denies and emits no false completion","O(translated mechanical entries) with explicit transcript cap","Replace no-op WorthUiHeadlessHost consumption","within worth-ui-host-contract; certification observes public production result","Building expected transcript with the production translator or claiming native pixels from record-only mode",5;7,"Transcript is an independent post-translation observation not an input mirror","resolved","complete","Phase 5 implementation and Phase 7 E2E cutover"
M310E-017,"Egui mounted translation to observed native mechanics","worth-ui-host-egui","Admitted native-display mounted frame view and exact egui surface binding","Adapter owns egui translation not UI meaning","Typed completion for exactly executed effect families; actual egui native output only where the mounted projection completely defines it; typed unsupported-before-effects otherwise","worth-ui-runtime presentation reconciliation; certification observes egui output","Post-translation native consequences or zero-effect denial match adapter-neutral authored expectations for the exact admitted and omitted effect set","Non-empty frame debug text synthetic shapes and input receipt snapshots","One egui frame attempt","Unsupported protocol incomplete paint missing clip or lost completion cannot classify as published","O(actual effects and affected surfaces)","Replace envelope label rendering and retain one adapter contract without synthesizing appearance owned by Milestone 3.16","worth-ui-host-egui -> worth-ui-host-contract; no runtime internals or Query","Using production translation to construct the expectation testing only frame non-emptiness or treating unsupported as paint success",5;7,"Real egui certifies only its adapter consequences while lifecycle publication is observed separately; native paint success waits for a complete mounted visual projection","resolved","complete","Phase 5 translation evidence and Phase 7 real lifecycle"
M310E-018,"Actual .wui bytes through watcher replacement mounted presentation and public observation","worth-ui-runtime filesystem ingress application replacement mounting and real adapter owners","Real source bytes on disk OS watcher event admitted replacement exact runtime tuple registered surface and production adapter","Each production owner contributes its real authority; certification supplies no bypass","Observed published mounted runtime tuple and independent adapter consequence","worth-ui-certification existing application_contracts","Public APIs and actual filesystem watcher adapter and inspection boundaries only","Scenario labels expected contract and timing records","Fresh isolated world through edit watcher settlement candidate presentation publication inspection and teardown","Watcher timeout stale candidate host rejection indeterminate result and teardown error remain separately observable; zero retries","Record fixture creation watcher startup settlement compile/link execution adapter and teardown posture separately","Extend existing real lifecycle rather than add a fake or parallel E2E harness","certification depends on public facades and real adapters under existing Cargo target","Synthetic in-memory source fake file writes test-only runtime branches or one observer certifying its own input",10,"This is the final seam-spanning proof and the opening baseline records its current predecessor cost","resolved","complete","Phase 10 real_file_mount_measure_preview_and_watcher_edit_publish_one_mounted_successor plus the ordered hostile mounted journey use actual .wui writes production filesystem ingress OS watcher delivery real host mechanics and public mounted publication"
