id,production_claim,fixture_provenance,typed_result,mutation_control,structural_cost,teardown,evidence_command,status,evidence
VS-01,"The sole product child joins source, exact presentation, target/background identity, overlay pixels, replacement, recovery, close, and cleanup.","Checked-in platform-pulse main.wui copied into the isolated executable installation.","Typed snapshot, trace, published overlay, cleared overlay, replacement, denial preservation, recovery, and shutdown observations.","Event-only, pixel-only, sole-node, direct-egui, wrong-target, skipped-platform, premature-exit, and residue mutations.","One child/window, <=8 captures, <=256 events, <=1 MiB observations, <=30 seconds, zero retries.","Normal native close, successful exit, removed installation, and zero live visual resources.","cargo test --manifest-path workspaces/worth-ui/Cargo.toml -p worth-ui-platform-pulse --features executable-world --test executable_world -- --nocapture","PROVED","11/11 tests passed in the sole executable-world target. The exact checked-in source ran through the Cargo-built WGPU product, process-and-HWND-bound WGC capture, typed snapshot and point trace, externally sampled magenta overlay, green replacement, malformed denial preservation, blue recovery, normal native close, successful exit, and installation removal. Hostile expired-first-frame and expired-replacement tests prove failure teardown instead of retry; consuming typestates admit one launch and one action per transition. The journey reported 11 events, 8708 observation bytes, 3 source actions, 6 native captures, 2 window lookups, 1 process, 1 window, and 1 close request within 11518 ms; shutdown reported zero capture, pixel, structural, pending-overlay, published-overlay, and clearing-overlay residue."
VS-02,"Presentation-epoch schedules distinguish exact predecessor completion, supersession before copy, and indeterminate affinity.","Production runtime plus deterministic contract adapter and real egui exact-epoch cases.","Captured retained predecessor, SupersededBeforeReadback, or CaptureAffinityIndeterminate without mislabeled pixels.","Request echo, current-at-completion, missing epoch, and mislabeled bytes mutations.","One in-flight capture per surface with bounded byte reservation and exact copy epoch.","Cancelled or completed registrations release every reservation and late observations cannot revive them.","cargo test --manifest-path workspaces/worth-ui/Cargo.toml -p worth-ui-certification --test application_contracts visual_snapshot:: -- --nocapture","PROVED","35/35 visual_snapshot contracts passed. Real egui screenshot events prove exact request, viewport, presentation epoch, and pixel completion; deterministic host schedules independently force predecessor completion, supersession, wrong request, wrong epoch, malformed transform, malformed pixels, terminal outcomes, deadline, cancellation, and capacity. Typed outcomes remain distinct, one in-flight request is enforced before effects, retained bytes and structural cost are explicit, and disposal or shutdown releases the exact registration without reviving late observations."
VS-03,"Visible contribution and hit-test ownership remain separate contracts.","Real filesystem/egui overlapping paint-only, hit-only, paint-and-hit, and background world.","Four distinct point outcomes with an explicit total hit-test order.","Paint-index alias, first candidate, missing participation, and incidental ordering mutations.","Indexed bounded point probes and candidate accounting.","Disposed snapshots release indexes and leave mounted truth current.","cargo test --manifest-path workspaces/worth-ui/Cargo.toml -p worth-ui-certification --test application_contracts visual_identity:: -- --nocapture","PROVED","21/21 visual_identity contracts passed. A real filesystem source is lowered through the production graph and mounted runtime, while real egui capture seals distinct visible and hit-test indexes. Independent authored geometry identifies paint-only, hit-only, paint-and-hit, and background nodes; duplicate order, index substitution, budget exhaustion, foreign-session, stale-target, and capacity controls are red. Query probe, candidate, trace, and retained-structure costs are explicit, and snapshot disposal leaves the mounted publication live."
VS-04,"Clipping, occlusion, disjoint regions, and half-open edges produce bounded complete-postured evidence.","Production spatial indexes over independently authored canonical geometry and generated edge cases.","Exact contributor stacks and many-to-many complete or typed-incomplete region results.","Allocation substitution, clip deletion, inclusive edge, one-box, and one-owner mutations.","1, 1024, and 65536 record builds plus probe/candidate/result/retained-byte receipts.","Index and trace leases dispose without altering mounted publication.","cargo test --manifest-path workspaces/worth-ui/Cargo.toml -p worth-ui-runtime inspection::visual_snapshot::spatial::tests -- --nocapture","PROVED","7/7 runtime spatial contracts passed. Generated production indexes prove missing, duplicate, cross-participation, wrong-order, clipping, offscreen, right-edge, overlap, truncation, and sparse-probe behavior against independently constructed mechanics. Exact representation cost is checked at 1, 1024, and 65536 records, the 4096-candidate production maximum is fully accounted, and the owning snapshot receipt tests prove index and trace leases dispose without changing mounted truth."
VS-05,"Coordinates and surface selection remain exact to one presentation basis.","Two-surface and fractional-DPI nonzero-origin production host worlds.","SurfaceSelectionRequired, foreign-surface denial, and exact transform receipts.","First-surface, coordinate-space alias, integer cast, uniform-scale, and foreign-surface mutations.","One transform receipt and bounded region/index projection per admitted surface.","Capture disposal releases surface-bound derived resources.","cargo test --manifest-path workspaces/worth-ui/Cargo.toml -p worth-ui-certification --test application_contracts visual_ -- --nocapture","PROVED","56/56 consolidated visual contracts passed. Real egui and filesystem worlds cover nonzero client origin, independent per-axis scale, half-open pixels, current-surface ambiguity, foreign surfaces, wrong viewport, and exact presentation affinity. Integer-cast, uniform-scale, first-surface, coordinate-alias, and foreign-affinity controls resolve to typed denial or indeterminate outcomes. Transform and spatial costs are bounded per admitted surface, and disposal releases the surface-bound capture resource."
VS-06,"Current, retained, pending, derived, overlay, disposal, expiry, capacity, and shutdown postures are managed.","Production retention registry, current/predecessor snapshots, pending captures, and published overlays.","Typed retained pixels, historical omission, expiry, capacity, cancellation, clear successor, and shutdown report.","Historical repaint, unbounded retention, drop-as-clear, late observation, parent-drop invalidation, and cleanup-as-success mutations.","Snapshot, pixel, structure, overlay, capture, and lease counters remain inside declared bounds.","Explicit disposal or shutdown releases and reports every pixel, structure, snapshot, and overlay resource.","cargo test --manifest-path workspaces/worth-ui/Cargo.toml -p worth-ui-certification --test application_contracts visual_ -- --nocapture","PROVED","56/56 consolidated visual contracts passed. Production registries exercise current, retained predecessor, pending, derived child, published overlay, clearing, expiry, supersession, capacity, cancellation, and shutdown states. Drop is proved not to clear published authority, failed publication and clear return linear handles, late observations cannot revive resources, and parent-child provenance remains explicit. Snapshot, pixel, structural, overlay, capture, and lease costs stay bounded; explicit disposal or shutdown reports and releases every owned resource."
VS-07,"Concrete grants, disclosure/redaction, and protocol versions cannot widen or re-enter authority.","Public compile twins, production disclosure policies, and protocol v1/v2/future fixtures.","Compile rejection, Disclosure denial before effects, explicit redacted artifact, and incompatible-version rejection.","Generic marker, serializable grant, raw identity, protocol reinterpretation, and disclosure-widening mutations.","Bounded policy, payload, event, artifact, and retained-resource receipts.","No denied disclosure or protocol input creates a live capture or overlay resource.","python scripts/ci/run_worth_ui_compile_contracts.py","PROVED","The canonical runner passed 35 compile-fail and 13 compile-pass targets in exactly 2 Cargo sessions. The governed visual lifecycle pass twin compiles; wrong grants, geometry pixel access, raw targets, escaped snapshot coordinates and regions, reused capture handles, hit-index substitution, overlay grant substitution, and double clear fail at their intended type or ownership boundaries. The 35/35 snapshot contracts additionally prove disclosure mismatch before effects and explicit opaque redaction; versioned pulse protocol tests reject incompatible input without creating capture or overlay authority."
VS-08,"Explicit visual lanes carry structural cost while unchanged ordinary frames remain exactly cold.","Deterministic region generators and the consolidated real cross-lane application world.","Typed complete/incomplete query evidence and eleven zero ordinary visual counters.","Full scan, identity buffer, unbounded candidates, omitted memory, and unchanged-frame diagnostic work mutations.","Exact record, probe, candidate, trace, byte, transform, overlay-region, lease, and retained-structure counters.","All explicit resources dispose and ordinary execution retains none.","cargo test --manifest-path workspaces/worth-ui/Cargo.toml -p worth-ui-runtime inspection::visual_snapshot::spatial::tests -- --nocapture","PROVED","7/7 spatial cost contracts passed at exact generated sizes 1, 1024, and 65536 with bounded probe, candidate, result, record, and retained-byte receipts. The separately required cross-lane command passed 1/1 against one real file-authored bundle and proved three repeated unchanged ordinary frames each carry exactly eleven zero visual counters. Full-scan, unbounded-candidate, omitted-memory, and ordinary-diagnostic-work mutations are therefore observable; explicit receipt disposal owns all retained structure while ordinary execution retains none."
VS-09,"The public facade makes invalid target, grant, artifact, coordinate, capture, overlay, and wire sequences unrepresentable.","Existing two-session compile matrix and exact governed visual snapshot pass twin.","Valid facade journey compiles and each distinct invalid program fails at the intended type or ownership boundary.","Raw target, wrong grant, geometry pixel access, cross-snapshot coordinate, reused handle, invalid overlay phase, and wire re-entry mutations.","Exactly two Cargo sessions with no new test crate or executable target.","Compile fixtures own no runtime resources or retained artifacts.","python scripts/ci/run_worth_ui_compile_contracts.py","PROVED","The existing compile runner passed 35 fail and 13 pass targets in exactly 2 Cargo sessions with no new crate, integration target, executable target, or nested runner. The exact governed visual lifecycle twin compiles, while raw target construction, grant substitution, geometry-only pixel access, escaped snapshot coordinates and regions, cancelled-handle reuse, missing hit order, index substitution, pixel-to-overlay substitution, and double clear fail at the intended compiler boundary. Compile fixtures create no live runtime resource and retain no artifact."
