"delta_id","wave","sequence","domain","change_type","current_file","current_symbol","current_responsibility","current_inputs","current_outputs","architectural_defect","target_file","target_symbol","target_responsibility","target_inputs","target_outputs","required_invariants","depends_on","unblocks","callers_to_migrate","symbols_to_delete","tests_to_migrate","new_proofs_required","mechanical_completion_check","compile_or_test_gate","risk","status","planning_notes","source_evidence"
"P10-B001","-1-boundary-closure","-100","authority inventory","inventory","workspace-wide Phase 10 path","all constructors|publishers|preparers|committers|reconstructors","Enumerate every surface capable of minting; transferring; reconstructing; or publishing committed allocation authority.","Current source tree","Versioned dirty-edge ledger with exact symbol and caller counts","Without a complete inventory later work can leave an unknown competing authority alive.","plans/worth-ui/phase-10-architecture-gap.csv|boundary guard manifest","Phase 10 authority edge inventory","Establish authoritative source-to-sink inventory before refactoring.","rg symbol families|module exports|call graph|test/cert seams","Exact dirty-edge rows and baseline counts","Inventory includes production; substrate; adapters; evidence; diagnostics; certification; and tests; absence is proven mechanically.","","P10-B002|P10-B007|P10-B008|P10-B009","all Phase 10 planning rows","","","Inventory count regression tests","Every authority-capable symbol has one classified row: canonical|temporary migration|forbidden|read-only evidence","Inventory query returns no unclassified authority-capable match","rg-based inventory audit","complete","not_started","Current baseline includes 2 attempt constructors; 6 lower attempt-publisher refs; 8 lower swap-publisher refs; 26 movable preparation refs; 49 ready fixture refs; and 10 frame replacement installer refs.|verified 2026-07-12: exact 24-rule boundary manifest; 5 hostile guard self-tests; zero forbidden legacy publisher, readiness, checkpoint, atomic-swap, and reconstruction symbols"
"P10-B002","-1-boundary-closure","-90","canonical boundary contract","define","runtime allocation activation family","implicit ownership across ledger|invalidation|frame gate|swap","Assign roles but not one mechanically exclusive authority chain.","P10-B001 inventory","Canonical owner/role matrix","Without an explicit role contract multiple modules can each appear entitled to authorize publication.","runtime/activation/committed_allocation_attempt","canonical authority contract","Name the only mint; prepare; commit; evidence; and projection owners.","Inventory rows|Phase 10 semantic law","Owner matrix and forbidden-role matrix","Ledger alone mints attempt; attempt alone prepares; prepared value alone commits; receipt/denial alone project evidence; all other substrate is input or successor builder.","P10-B001","P10-B003|P10-B004|P10-B005|P10-B006|P10-B007|P10-B008|P10-B009","all substrate and refactor deltas","","","boundary contract tests","Every current symbol maps to exactly one role and no role has two owners","Owner matrix has one owner per authority role","architecture boundary review","complete","not_started","This is the decision lock for the entire refactor.|verified 2026-07-12: exact 24-rule boundary manifest; 5 hostile guard self-tests; zero forbidden legacy publisher, readiness, checkpoint, atomic-swap, and reconstruction symbols"
"P10-B003","-1-boundary-closure","-80","minting boundary","freeze_and_guard","runtime/allocation_receipt/receipt_ledger.rs|runtime/launch/planning_transition.rs","UiCommittedAllocationActivationAttempt::new|seal_activation_catalog","Mint attempt at two receipt-ledger branches.","Committed catalog and ledger state","Move-only activation attempt","Two legitimate code branches may share one owner; any other constructor or remint route would create competing authority.","scripts/ci/check_worth_ui_phase_10_authority_boundaries.sh|receipt ledger","attempt mint allowlist","Freeze minting to the receipt ledger while structural sealing is repaired.","P10-B002 owner contract|current 2 constructor sites","Guarded mint sites","Historical receipts; inspection rows; tests; adapters; and diagnostics cannot mint or remint activation capability.","P10-B002","P10-B010","receipt sealing refactor","any attempt constructor outside approved receipt-ledger owner","receipt ledger tests|compile-fail tests","Attempt construction outside owner fails CI or visibility checks","Exactly approved mint sites; target closeout collapses to canonical constructor path","boundary guard|cargo check -p worth-ui-runtime","critical","complete","Allowlist may temporarily contain both ledger branches but must not grow.","receipt_ledger.rs:82 and 191|verified 2026-07-12: exact 24-rule boundary manifest; 5 hostile guard self-tests; zero forbidden legacy publisher, readiness, checkpoint, atomic-swap, and reconstruction symbols"
"P10-B004","-1-boundary-closure","-70","export boundary","freeze_and_restrict","runtime/invalidation_narrowing/mod.rs|frame_activation_gate/mod.rs|atomic_plan_swap/mod.rs|runtime exports","pub|pub(crate) re-exports of attempt; preparation; gate; rollback; receipt parts; scroll evidence","Expose authority-bearing stage types across module boundaries.","Current module tree","Export classification and freeze guard","Crate visibility is enough to create sibling authorities across runtime modules and tests.","scripts/ci/check_worth_ui_phase_10_authority_boundaries.sh|target module exports","authority export allowlist","Prevent new exports and progressively reduce existing authority-bearing exports.","P10-B002 owner contract|all pub/pub(crate) rows","Classified export ledger","Only public receipt/denial/inspection projections escape; attempt/prepared internals stay within canonical family; substrate exports are read-only or builders.","P10-B002","P10-B010","module migration rows","new authority-bearing re-exports|old attempt/preparation/gate/transaction exports after migration","visibility tests|compile-fail tests","Unapproved import paths fail; export count never increases","Export audit equals allowlist and closeout allowlist contains no sibling publisher type","boundary guard|cargo check -p worth-ui-runtime","critical","complete","Freeze before moving types so refactor cannot accidentally widen visibility.","current mod.rs export audit|verified 2026-07-12: exact 24-rule boundary manifest; 5 hostile guard self-tests; zero forbidden legacy publisher, readiness, checkpoint, atomic-swap, and reconstruction symbols"
"P10-B005","-1-boundary-closure","-60","caller and publisher boundary","freeze_and_guard","runtime/activation/gate.rs|runtime/activation/swap.rs|certification_support|runtime tests","publish_committed_allocation_attempt|publish_committed_allocation|direct prepare/gate/swap callers","Publish through ordinary facade and multiple lower entry points.","Current call graph","Publisher/caller dirty-edge ledger","Lower callers can preserve split authority even after a canonical path is introduced.","scripts/ci/check_worth_ui_phase_10_authority_boundaries.sh","publication entry allowlist","Freeze caller set and require every migration to remove an edge.","P10-B002 owner contract|current call sites","Versioned caller graph","No new lower caller; ordinary facade becomes sole production/certification/test publication path; temporary exceptions are named and monotonically removed.","P10-B002","P10-B010","facade|certification|test migration|deletion waves","new lower publisher caller|direct swap caller after replacement","caller migration tests|anti-bypass tests","Each migration delta decrements an exact baseline count","Guard fails on added caller and closeout reports zero lower callers","boundary guard|rg caller audit","critical","complete","Baseline: 6 attempt-publisher refs and 8 lower swap-publisher refs.","current rg audit|verified 2026-07-12: exact 24-rule boundary manifest; 5 hostile guard self-tests; zero forbidden legacy publisher, readiness, checkpoint, atomic-swap, and reconstruction symbols"
"P10-B006","-1-boundary-closure","-50","mutation boundary","inventory_and_freeze","runtime/atomic_plan_swap|runtime/activation/swap.rs|allocation_frame_dispatch|receipt ledger|invalidation authority|durable state","all writes to graph|ledger|active|frame replacement|durable resize|projection generation","Mutate live state across commit and compensating rollback paths.","Prepared and partial stage values","Live runtime mutations","An untracked write site can become an alternate commit authority or violate rollback invariance.","scripts/ci/check_worth_ui_phase_10_authority_boundaries.sh|target commit.rs","live mutation allowlist","Enumerate and freeze every write before atomicity repair.","P10-B002 owner contract|write-site search","Mutation ledger by state family","Preparation performs zero live writes; commit_once is sole multi-family publisher; projection ledger may mutate only projection generation after capability validation.","P10-B002","P10-B010","frame replacement|runtime successor|commit|rollback deltas","new Phase 10 live write outside approved owner","fault injection tests|state snapshot tests","Every state family has one approved writer and precommit snapshot equality proof","Mutation-site audit matches allowlist; closeout leaves commit_once plus isolated projection writer","boundary guard|fault injection suite","critical","complete","Baseline includes 10 frame replacement installer refs; most are compensating rollback writes.","current mutation rg audit|verified 2026-07-12: exact 24-rule boundary manifest; 5 hostile guard self-tests; zero forbidden legacy publisher, readiness, checkpoint, atomic-swap, and reconstruction symbols"
"P10-B007","-1-boundary-closure","-40","duplicate authority state","inventory_and_classify","receipt bindings|active_set identity|ready preparation|gate receipt|swap receipt|scroll catalog evidence","parallel copies of committed replan; ledger transition; catalog transition; identities; receipts; contexts","Carry overlapping truth across stages.","Stage outputs","Duplicate-state ledger","Copies can drift and become independently trusted even when no explicit publisher method exists.","plans/worth-ui/phase-10-architecture-gap.csv|boundary guard manifest","duplicate authority classification","Classify each duplicate as canonical owned state; derived projection; temporary migration residue; or forbidden authority.","P10-B001 inventory|P10-B002 contract","Duplicate-state rows with deletion/derivation target","Canonical structural value has one owner; projections are derived and cannot authorize; no sibling mutable copy.","P10-B001|P10-B002","P10-B010","identity|attempt|prepared transaction|evidence deltas","unclassified duplicate authority|cloned admission context as publication proof","collision tests|state parity tests","Changing any sibling independently is impossible or test-detected","No unclassified duplicate; every retained duplicate is read-only derived projection","structural equality audit|compile tests","critical","complete","This catches competing authority hidden as fields rather than APIs.","active_set.rs|ready_activation.rs|plan_swap_receipt.rs|verified 2026-07-12: exact 24-rule boundary manifest; 5 hostile guard self-tests; zero forbidden legacy publisher, readiness, checkpoint, atomic-swap, and reconstruction symbols"
"P10-B008","-1-boundary-closure","-30","cross-boundary reconstruction","inventory_and_forbid","host|Query|graph|receipt|scroll evidence|diagnostics adapters","digest/string/row reconstruction of targets; identities; contexts; receipts; denials","Translate substrate data across domain boundaries.","Host/Query observations|graph rows|receipt rows|digests","Reconstructed runtime artifacts or projections","Adapters can quietly remint authority from descriptive data even after constructors are closed.","scripts/ci/check_worth_ui_phase_10_authority_boundaries.sh|substrate owner modules","reconstruction edge ledger","Distinguish lawful sealed builder calls from forbidden authority reconstruction.","P10-B001 inventory|P10-B002 role matrix","Classified crossing edges","Host and Query provide evidence; graph selects; ledger seals; transaction composes; diagnostics project; none reconstruct another owner's authority.","P10-B001|P10-B002","P10-B010","substrate audit|identity|inspection deltas","raw row/digest/string to authority conversion outside owning builder","collision tests|adapter denial tests|inspection tests","Every cross-domain conversion consumes a typed sealed artifact or returns denial","No unclassified reconstruction pattern and no diagnostic path authorizes runtime work","boundary guard|targeted adapter tests","critical","complete","This is where dirty substrate edges become competing authorities without obvious publisher names.","substrate audit across host|Query|graph|receipt|diagnostics|verified 2026-07-12: exact 24-rule boundary manifest; 5 hostile guard self-tests; zero forbidden legacy publisher, readiness, checkpoint, atomic-swap, and reconstruction symbols"
"P10-B009","-1-boundary-closure","-20","test and certification boundary","inventory_and_quarantine","runtime/tests|certification_support|host_observation/certification","ReadyFixture|ready_activation_fixture|prepare_committed_allocation_for_test|direct lower publishers","Construct intermediate authority unavailable to desired ordinary path.","Synthetic partial inputs","Gate/swap/rollback outcomes","Tests and certification can keep forbidden APIs alive and falsely certify the wrong architecture.","scripts/ci/check_worth_ui_phase_10_authority_boundaries.sh|ordinary test support","test seam allowlist","Freeze fixture set; require migration plan; prohibit new synthetic authority fixtures.","P10-B002 role matrix|current fixture call graph","Versioned seam ledger","Tests may create ordinary admitted inputs or select a closed precommit checkpoint; they cannot mint attempt/preparation/swap authority.","P10-B001|P10-B002","P10-B010","test topology|certification migration|deletion deltas","new ReadyFixture|new direct prepare/gate/swap helper","anti-bypass test|ordinary facade scenario parity","Every current synthetic scenario maps to an ordinary or closed-checkpoint replacement row","Fixture count never grows; closeout has zero ready fixture references","boundary guard|cargo test -p worth-ui-runtime --lib","critical","complete","Baseline includes 7 test preparation refs and 49 ready fixture refs.","current rg audit|verified 2026-07-12: exact 24-rule boundary manifest; 5 hostile guard self-tests; zero forbidden legacy publisher, readiness, checkpoint, atomic-swap, and reconstruction symbols"
"P10-B010","-1-boundary-closure","-10","boundary freeze gate","create","no existing complete guard","Phase 10 dirty-edge closeout gate","Prevent growth and certify boundary classification.","P10-B003 through P10-B009 ledgers","CI pass/fail","Without an enforced freeze the long refactor can accumulate new competing edges faster than it removes old ones.","scripts/ci/check_worth_ui_phase_10_authority_boundaries.sh","phase_10_authority_boundary_guard","Enforce exact approved edges; monotonic deletion; and zero unclassified authority.","Mint|export|caller|mutation|duplicate|reconstruction|test ledgers","Guard report with counts and violations","Runs before substrate/refactor work; additions require explicit canonical classification; closeout target is zero forbidden edges.","P10-B003|P10-B004|P10-B005|P10-B006|P10-B007|P10-B008|P10-B009","P10-S001|P10-S002|P10-S003|P10-S004|P10-S005|P10-S006|P10-S007|P10-S008|P10-D002","every later delta","guard bypass|unclassified exception|count-only check without symbol identity","guard tests","Known baseline passes; injected new constructor/export/caller/write/fixture fails","Guard is wired into relevant CI and emits exact offending symbols","guard self-tests|workspace CI check","critical","complete","This is the first implementation deliverable, not just planning documentation.","boundary ledgers from P10-B001-P10-B009|verified 2026-07-12: exact 24-rule boundary manifest; 5 hostile guard self-tests; zero forbidden legacy publisher, readiness, checkpoint, atomic-swap, and reconstruction symbols"
"P10-S001","0-substrate","1","declaration requirements","audit_and_harden","declaration/measurement_dependency/basis_requirement_set.rs","UiDeclaredMeasurementBasisRequirementSet","Declare whether scroll viewport and Query projection evidence are required.","Declared ownership posture|measurement policy","Required evidence-family set","A missing or broadened requirement silently changes the downstream evidence universe.","declaration/measurement_dependency/basis_requirement_set.rs","scroll requirement contract","Remain the sole declaration-owned source of required evidence families.","Declared scroll ownership posture","Exact host viewport and/or Query receipt requirements","Declaration names requirements only; it never admits runtime ownership or targets.","P10-B010","P10-S002|P10-S003","measurement basis assembly|host request freezing","","basis requirement tests","Scroll-owned declarations require the exact source families and unrelated declarations do not","Requirement matrix matches Phase 10 source law","cargo test -p worth-ui-runtime declaration::measurement_dependency","high","complete","Audit existing contract; repair only if it violates Phase 10 law.","basis_requirement_set.rs:58-69|verified 2026-07-12: substrate exercised through 815-test runtime suite, ordinary Phase 10 host/Query acceptance, dependent host-contract/query-binding/inspection tests, and exact boundary guard"
"P10-S002","0-substrate","2","host contract intake","audit_and_harden","host/measurement_request_boundary.rs|worth-ui-host-contract/runtime/measurement_request","freeze_measurement_request|UiMeasurementRequest::scroll_container_viewport","Freeze runtime request and carry host viewport observation without allocation semantics.","Declared measurement requirement|host capability","Frozen request|host observation/result","Host intake could become a hidden dependency/target authority if request or result carries runtime allocation decisions.","same owning host boundaries","sealed scroll viewport observation boundary","Provide sealed observation and witness only.","P10-S001 requirement|host capability report","UiMeasurementResult with authority witness","Host cannot choose neighborhood; target; invalidation family; catalog identity; or fallback.","P10-B010|P10-S001","P10-S003","measurement basis assembly|certification fixtures","host-owned target/fallback fields if found","host boundary tests|host-contract tests","Missing|stale|contradictory observation remains typed evidence rather than fallback","No host boundary symbol constructs allocation target or scroll catalog identity","cargo test -p worth-ui-host-contract|cargo test -p worth-ui-runtime host::measurement_request_boundary","critical","complete","Cross-crate substrate is explicitly in scope.","measurement_request_boundary.rs:22-75|measurement_request.rs:140-258|verified 2026-07-12: substrate exercised through 815-test runtime suite, ordinary Phase 10 host/Query acceptance, dependent host-contract/query-binding/inspection tests, and exact boundary guard"
"P10-S003","0-substrate","3","measurement basis","audit_and_harden","evidence/measurement/basis/assembly.rs|query_allocation_mapping.rs","SelectedEvidence|UiQueryAllocationTargetMapping","Select host scroll viewport and Query projection receipt; assemble admitted measurement basis and mappings.","Host result|Query receipt|declared requirements","UiMeasurementBasis|Query allocation mappings","Duplicate; stale; ambiguous; or mismatched sources can poison every later planning and activation proof.","evidence/measurement/basis","canonical measurement basis assembly","Produce one exact basis with sealed host and Query lineage.","P10-S001 requirements|P10-S002 observation|Query projection consumption receipt","UiMeasurementBasis with structural source lineage and mappings","No arbitrary source selection; duplicates and contradictions deny; mappings remain Query evidence not allocation authority.","P10-B010|P10-S001|P10-S002","P10-S004|P10-D010","constraint admission|planning authority|inspection","digest-only mapping authority if found","basis hostile tests|Query mapping tests|certification tests","Duplicate|stale|ambiguous host or Query inputs fail closed with exact cause","Every admitted scroll basis has one auditable source lineage per required family","cargo test -p worth-ui-runtime evidence::measurement::basis","critical","complete","Treat mapping/evidence substrate as part of the repair boundary.","basis/assembly.rs:20-345|query_allocation_mapping.rs|verified 2026-07-12: substrate exercised through 815-test runtime suite, ordinary Phase 10 host/Query acceptance, dependent host-contract/query-binding/inspection tests, and exact boundary guard"
"P10-S004","0-substrate","4","constraint planning","audit_and_harden","graph/allocation_neighborhood/constraint_scroll_owner_planning_input.rs|evidence/planning/constraint_set","admit_scroll_owner_planning_input|scroll_owner_planning_input","Convert measurement basis sources into a planning-time-only scroll-owner artifact.","P10-S003 basis|neighborhood|declared operator contract","UiConstraintScrollOwnerPlanningInputResult","Digest-based or incomplete source admission here propagates false ownership into graph and receipts.","same graph/evidence owners","canonical scroll-owner planning input","Admit exact source set and planning-only posture.","Structural basis lineage|neighborhood identity|operator contract","Typed planning input or denial","Planning artifact cannot authorize activation; source set is complete; ordered; duplicate-free; graph-owned.","P10-B010|P10-S003","P10-S005|P10-D010","constraint set|UiAdmittedScrollPlanningAuthority","fallback or label-based source admission if found","scroll owner planning tests|constraint hostile tests","Host and Query source families admit exactly; contradictory combinations deny","No scroll planning artifact is constructed outside constraint pipeline","cargo test -p worth-ui-runtime allocation_constraint_scroll_owner","critical","complete","Audit before changing activation identity because committed rows derive from this artifact.","constraint_scroll_owner_planning_input.rs:10-130|constraint_set.rs:77-310|verified 2026-07-12: substrate exercised through 815-test runtime suite, ordinary Phase 10 host/Query acceptance, dependent host-contract/query-binding/inspection tests, and exact boundary guard"
"P10-S005","0-substrate","5","graph locality","audit_and_harden","graph/allocation_neighborhood/replan_selection|catalog_basis.rs|replan_transaction_sealing.rs","scroll consequence selection|UiAdmittedAllocationCatalogBasisSet","Select exact affected neighborhood set and seal admitted catalog basis.","P10-S004 planning input|graph snapshot|invalidation cause","Selected neighborhood set|admitted catalog basis","If locality or catalog membership is broadened here the transaction can be atomic and still semantically wrong.","same graph owners","canonical scroll-owned replan selection and catalog basis","Keep neighborhood selection and graph lineage authoritative upstream.","Graph snapshot|structural planning input|extent cause","Exact admitted catalog basis or typed denial","No whole-page fallback; unaffected neighborhood identities remain explicit; graph lineage is structural.","P10-B010|P10-S004","P10-S006|P10-S007|P10-D009","launch planning transition|receipt sealing|invalidation ingress","whole-page fallback|host-owned membership|digest-only lineage authority if found","replan selection tests|catalog basis tests|1000-sibling locality tests","Extent change selects exact owning neighborhood set with zero unrelated churn","Selection and catalog basis expose exact affected and unaffected identities","cargo test -p worth-ui-runtime replan_selection","critical","complete","This is the semantic locality substrate for D009 and D010.","replan_selection/scroll_consequence.rs|selector.rs|catalog_basis.rs|verified 2026-07-12: substrate exercised through 815-test runtime suite, ordinary Phase 10 host/Query acceptance, dependent host-contract/query-binding/inspection tests, and exact boundary guard"
"P10-S006","0-substrate","6","launch and receipt sealing","audit_and_rework","runtime/launch/planning_transition.rs|runtime/allocation_receipt/receipt_ledger.rs|committed_catalog_binding.rs","prepare_allocation_catalog_activation|seal_activation_catalog|UiCommittedAllocationCatalogActivation","Plan admitted catalog; commit/reuse receipts; seal bindings and unique activation capability; mint attempt.","P10-S005 admitted catalog|pending activation|ledger predecessor","UiCommittedAllocationActivationAttempt","This is the actual minting boundary; cloned contexts; digest identities; or non-atomic receipt/catalog sealing undermine every downstream cutover.","same ledger and launch owners plus committed attempt constructor","canonical receipt-to-attempt sealing","Mint exactly one move-only attempt whose rows contain complete structural activation facts.","Admitted catalog|ledger snapshot|receipt policy|graph lineage|scroll sources","Ledger successor|committed receipts|catalog activation capability|attempt","Receipt; graph; measurement; host; Query; and scroll rows align ordinally and structurally; historical rows cannot remint capability.","P10-B010|P10-S005","P10-D001|P10-D003|P10-D009|P10-D016","P10-D001|P10-D003|P10-D008|public facade","historical activation remint|cloned admission-context authority|first-receipt shortcut authority","receipt ledger tests|catalog binding tests|launch transition tests","Mismatch at any ordinal denies before attempt mint; historical records cannot produce activation capability","Only seal_activation_catalog can mint the attempt and unique activation capability","cargo test -p worth-ui-runtime allocation_receipt|cargo test -p worth-ui-runtime planning_transition","critical","complete","This may require real substrate repair; it is not a read-only dependency audit.","planning_transition.rs:48-132|receipt_ledger.rs:17-199|committed_catalog_binding.rs:110-221|verified 2026-07-12: substrate exercised through 815-test runtime suite, ordinary Phase 10 host/Query acceptance, dependent host-contract/query-binding/inspection tests, and exact boundary guard"
"P10-S007","0-substrate","7","invalidation ingress","audit_and_harden","runtime/invalidation_narrowing/consumer.rs|consumer_support.rs|narrowed_frame_plan.rs","ContentExtentChange|ScrollOwnedExtentChange|ScrollExtentObservation consumption","Classify incoming host/Query extent facts and acquire graph-owned targets.","Committed active authority|host or Query facts|family classification","Narrowed invalidation target and evidence","A wrong family mapping; fallback; detached lookup; or unchecked target budget can bypass canonical activation correctness.","same invalidation owner","canonical extent invalidation ingress","Consume only active committed bindings and emit exact narrowed targets or typed denial.","Canonical active scroll catalog|sealed host/Query fact|family artifact","Scroll-owned invalidation target|typed denial|exact counters","Offset observation never becomes allocation invalidation; extent families remain distinct; no empty/fallback target.","P10-B010|P10-S005","P10-D009|P10-D010|P10-D025","P10-D009|P10-D010|P10-D025|P10-D026","fallback target|family conflation|detached authority probe if found","consumer tests|viewport tests|frame plan tests","Host and Query extent families narrow exactly; offset produces no allocation event","Every scroll invalidation target is acquired from committed active catalog","cargo test -p worth-ui-runtime invalidation_narrowing","critical","complete","Covers the runtime pipeline after activation and before replan selection.","consumer.rs:150-300|verified 2026-07-12: substrate exercised through 815-test runtime suite, ordinary Phase 10 host/Query acceptance, dependent host-contract/query-binding/inspection tests, and exact boundary guard"
"P10-S008","0-substrate","8","inspection contract","audit_and_define","evidence/allocation/scroll_owned_evidence.rs|runtime/diagnostics|worth-ui-inspection","UiScrollOwnedAllocationEvidence|runtime inspection projections","Expose cause; authority work; invalidations; receipts; and local why.","Contracts|receipts|denials|counters","Inspection evidence and diagnostics","If inspection reconstructs from logs/digests or omits canonical attempt lineage it can conceal pipeline kinks and make QA unverifiable.","existing evidence and inspection owners","canonical Phase 10 inspection projection contract","Define projections from canonical receipt/denial values without gaining authority.","Structural attempt identity projection|extent cause|neighborhood set|source lineage|exact counters|receipt outcome","Local inspection record and evidence refs","Inspection is read-only; no logs as authority; local why needs no causal escalation; success and denial share lineage.","P10-B010","P10-D025A","P10-D025A|Phase 12 inspection work","inspection-side identity reconstruction|logs-as-evidence if found","evidence projection tests|runtime diagnostics tests|worth-ui-inspection tests","Inspection names source family; cause; locality; reuse/denial; receipt; and exact evidence refs","Every Phase 10 inspection row derives from receipt or denial artifact","cargo test -p worth-ui-runtime diagnostics|cargo test -p worth-ui-inspection","high","complete","Define now so the refactor preserves observability; do not implement Phase 12 product expansion.","scroll_owned_evidence.rs|milestone Phase 10 receipt explanation law|verified 2026-07-12: substrate exercised through 815-test runtime suite, ordinary Phase 10 host/Query acceptance, dependent host-contract/query-binding/inspection tests, and exact boundary guard"
"P10-D001","1-foundation","10","identity","create","runtime/invalidation_narrowing/active_set.rs","UiCommittedAllocationActivationIdentity","Digest-heavy identity for committed rows; ledger lineage; scroll keys.","Committed catalog activation|ledger transition","Identity with digest-based row fields","Digest equality cannot be canonical authority or collision-safe structural proof.","runtime/activation/committed_allocation_attempt/identity.rs","UiCommittedAllocationActivationIdentity","Own complete ordered structural identity for one activation attempt.","Committed rows|receipt identity and generation|equivalence basis|measurement basis|graph lineage|ledger lineage|frame epoch|replacement lineage|host mappings|Query mappings|scroll contracts","Structural identity plus derived inspection digest","Structural equality authorizes; digest only inspects; same value survives success and denial.","P10-S006","P10-D003|P10-D005|P10-D009|P10-D010","active_set constructor|catalog transition sealing","Digest-authoritative identity fields","active_set tests|scroll catalog identity tests","Forced collision keeps distinct identities distinct|success and denial retain identical attempted identity","No authority comparison uses identity_digest alone","cargo check -p worth-ui-runtime|focused identity tests","critical","complete","Build first; every later delta consumes this type.","active_set.rs:27-41|runner review 2278|verified 2026-07-12: canonical receipt-ledger -> move-only attempt -> prepare -> single-use commit route; 815/815 runtime tests; exact boundary guard and facade compile fences green"
"P10-D002","1-foundation","20","module topology","create","runtime/activation|frame_activation_gate|atomic_plan_swap|invalidation_narrowing","Distributed committed-allocation activation family","Split preparation and publication across historical stage modules.","Multiple movable intermediate artifacts","Multiple publication-capable stages","Directory topology hides the authority split and encourages sibling publishers.","runtime/activation/committed_allocation_attempt/mod.rs","committed_allocation_attempt module family","Define cohesive ownership boundary while composing existing graph; ledger; host; Query; and scroll substrate.","Existing substrate builders|runtime snapshots","Private attempt|prepared transaction|typed denial|receipt projection","Logic-free mod.rs; bounded files; transaction composes substrate without reimplementing it.","P10-B010","P10-D003","runtime exports","","module-boundary tests","One constructor-to-commit family in target directory","Target directory exists with intended bounded skeleton","cargo check -p worth-ui-runtime|line-cap check","high","complete","Create skeleton before moving behavior.","runner repair plan 2383|composition laws|verified 2026-07-12: canonical receipt-ledger -> move-only attempt -> prepare -> single-use commit route; 815/815 runtime tests; exact boundary guard and facade compile fences green"
"P10-D003","1-foundation","30","attempt owner","move_and_restrict","runtime/invalidation_narrowing/active_set.rs","UiCommittedAllocationActivationAttempt","Own catalog; ledger transition; committed replan; committed activation; identity.","Catalog|ledger transition|committed replan|activation","Movable attempt with accessors and component extraction","Correct owner exists but lives in wrong domain and exposes partial authority.","runtime/activation/committed_allocation_attempt/attempt.rs","UiCommittedAllocationActivationAttempt","Become sole move-only owner from receipt sealing to prepare outcome.","Catalog|ledger transition|committed replan|activation|P10-D001 identity","Result<prepared activation, typed denial>","Non-Clone; opaque; one consuming prepare; no partial successor exposure.","P10-S006|P10-D001|P10-D002","P10-D004|P10-D005|P10-D006|P10-D008|P10-D009|P10-D016","receipt sealing|activation facade","","active_set tests|allocation receipt tests","Attempt cannot be cloned or constructed outside sealing boundary","Only receipt sealing constructs the attempt","cargo check -p worth-ui-runtime|compile-fail visibility tests","critical","complete","Move ownership without changing behavior before restricting APIs.","active_set.rs:18-59|verified 2026-07-12: canonical receipt-ledger -> move-only attempt -> prepare -> single-use commit route; 815/815 runtime tests; exact boundary guard and facade compile fences green"
"P10-D004","1-foundation","40","authority boundary","delete","runtime/invalidation_narrowing/active_set.rs","into_activation_components|catalog|ledger_transition|committed|candidates","Expose or destructure attempt-owned authority.","UiCommittedAllocationActivationAttempt","Committed replan|ledger transition|catalog transition|borrowed catalog data","First mechanical authority break; enables independent downstream ownership.","runtime/activation/committed_allocation_attempt/attempt.rs","UiCommittedAllocationActivationAttempt::prepare","Consume attempt without exposing components.","Attempt|inputs|context","Prepared activation or typed denial","No tuple extraction; no publication getter; no sibling partial successor.","P10-D003","P10-D006|P10-D008|P10-D009","UiCommittedAllocationPreparation::prepare|ledger preflight|tests","into_activation_components|publication-facing catalog()|publication-facing ledger_transition()|publication-facing committed()","active_set tests|ready activation fixtures","Compile failure for component extraction","rg returns zero forbidden extraction symbols","cargo check -p worth-ui-runtime|anti-bypass compile tests","critical","complete","Delete only after replacement prepare shell compiles.","active_set.rs:61-91|verified 2026-07-12: canonical receipt-ledger -> move-only attempt -> prepare -> single-use commit route; 815/815 runtime tests; exact boundary guard and facade compile fences green"
"P10-D005","1-foundation","50","denial and counters","create","frame_activation_gate/denial.rs|atomic_plan_swap/rollback.rs|invalidation_narrowing/denial.rs","Distributed denials and counters","Explain failures per stage.","Stage-local facts|partial identities|scalar counters","Stage denial or rollback","No single outcome proves the complete attempted transaction or exact total work.","runtime/activation/committed_allocation_attempt/denial.rs|counters.rs|evidence.rs","UiCommittedAllocationActivationDenial|UiCommittedAllocationActivationCounters","Carry structural attempt identity; typed reason; exact operation-owned work; no-mutation evidence.","P10-D001 identity|typed validation reason|checked counters","Unified denial","Every failure has same attempt identity; checked counter exhaustion denies before mutation.","P10-D001|P10-D003","P10-D006|P10-D007|P10-D008|P10-D009|P10-D010|P10-D011|P10-D012|P10-D013|P10-D023|P10-D025|P10-D025A","facade denial mapping|rollback constructors","caller-owned publication_checks|detached acquisition_probe results","denial tests|rollback tests|counter tests","Every failure checkpoint returns unified denial and unchanged state","No preparation failure returns stage-only rollback without attempt identity","cargo check -p worth-ui-runtime|focused denial tests","critical","complete","Create shared denial before internalizing validations.","swap.rs:21-27|runner reviews 2278 and 2392|verified 2026-07-12: canonical receipt-ledger -> move-only attempt -> prepare -> single-use commit route; 815/815 runtime tests; exact boundary guard and facade compile fences green"
"P10-D006","2-preparation","60","readiness","move_and_inline","runtime/frame_activation_gate/ready_activation.rs","UiCommittedAllocationPreparation::prepare","Validate pending activation; plan input; handles; Query blockers; lane parity; then hold transitions.","Pending activation|plan input|handles|attempt|candidate plan|lane parity","Independently movable UiCommittedAllocationPreparation","Validation is useful; the output is a sibling authority with transition getters.","runtime/activation/committed_allocation_attempt/validation.rs","validate_readiness_and_plan_inputs","Run validation privately inside attempt preparation.","Attempt borrows|pending activation|plan input|handles|candidate plan|lane parity","Private validated facts or P10-D005 denial","No movable ready artifact; validation completes before any live mutation.","P10-D003|P10-D004|P10-D005","P10-D012|P10-D014|P10-D020","prepare_committed_allocation|prepare_committed_allocation_for_test","UiCommittedAllocationPreparation::prepare","frame gate tests|ready fixture builders","Plan; handle; Query; lane mismatch each deny with attempt identity","No public/crate-visible readiness artifact is produced","cargo check -p worth-ui-runtime|focused readiness denial tests","critical","complete","Move checks before deleting old type.","ready_activation.rs:30-90|verified 2026-07-12: canonical receipt-ledger -> move-only attempt -> prepare -> single-use commit route; 815/815 runtime tests; exact boundary guard and facade compile fences green"
"P10-D007","2-preparation","70","frame validation","move_and_inline","runtime/frame_activation_gate/gate.rs","WorthUiFrameActivationGate::activate_at_boundary","Validate boundary safety; runtime epoch; active observation.","Ready preparation|frame boundary|runtime epoch|active state","Gate receipt or gate denial","Independent callable gate authorizes an intermediate artifact.","runtime/activation/committed_allocation_attempt/validation.rs","validate_frame_boundary","Validate frame facts as a private preparation step.","Attempt identity|pending activation|boundary|runtime epoch|active snapshot","Private frame evidence or P10-D005 denial","Frame validation never produces independent publication authority.","P10-D005","P10-D012|P10-D014|P10-D021","activate_swap_gate_or_rollback|direct gate tests","WorthUiFrameActivationGate::activate_at_boundary","frame_activation_gate_boundary_tests|ReadyFixture consumers","Stale|future|mismatched frame cases leave all state unchanged","No direct frame gate activation call remains","cargo check -p worth-ui-runtime|frame denial tests through ordinary facade","high","complete","Retain denial taxonomy; remove publisher role later.","frame_activation_gate/gate.rs:11-113|verified 2026-07-12: canonical receipt-ledger -> move-only attempt -> prepare -> single-use commit route; 815/815 runtime tests; exact boundary guard and facade compile fences green"
"P10-D008","2-preparation","80","receipt ledger","move_and_inline","runtime/activation/gate.rs|runtime/activation/swap.rs","certifies_catalog_transition|commit_preflighted_catalog_transition","Validate ledger predecessor multiple times and later commit transition.","Attempt ledger transition|live ledger","Boolean certification then live commit","Transition is externally accessible; validation is duplicated; outcome can drift from graph successor.","runtime/activation/committed_allocation_attempt/ledger_successor.rs","prepare_ledger_successor","Validate once and retain private preflighted ledger successor.","Attempt-owned transition|ledger snapshot|P10-D001 identity","Prepared ledger successor or P10-D005 denial","Ledger outcome structurally agrees with graph; scroll; runtime; and receipt identity.","P10-D003|P10-D004|P10-D005","P10-D013|P10-D014","publish_committed_allocation_attempt|publish_committed_allocation","publication-facing ledger transition accessors","allocation receipt ledger tests|atomic swap tests","Stale ledger predecessor denies before mutation","One ledger certification path inside Attempt::prepare","cargo check -p worth-ui-runtime|ledger predecessor tests","critical","complete","Keep ledger substrate owner; move only transaction composition.","gate.rs:64-69|swap.rs:56-73|atomic_swap.rs:77-79|verified 2026-07-12: canonical receipt-ledger -> move-only attempt -> prepare -> single-use commit route; 815/815 runtime tests; exact boundary guard and facade compile fences green"
"P10-D009","2-preparation","90","graph invalidation","move_and_inline","runtime/invalidation_narrowing/catalog_transition.rs|runtime/activation/swap.rs","prepare_catalog_transition","Validate graph predecessor; prepare invalidation index and targets.","Catalog transition|live invalidation authority","Prepared invalidation catalog transition|scroll evidence|denial","Independent prepared transition enters atomic swap as a separate authority argument.","runtime/activation/committed_allocation_attempt/graph_successor.rs","prepare_graph_successor","Compose existing graph builder under the single attempt.","Attempt catalog|graph snapshot|P10-D001 identity","Private graph/invalidation successor or P10-D005 denial","Exact predecessor; structural lineage; no target reconstruction from digests.","P10-S005|P10-S006|P10-S007|P10-D001|P10-D003|P10-D004|P10-D005","P10-D010|P10-D014","publish_committed_allocation|catalog transition tests","publication-stage direct prepared transition input","catalog_transition tests|active_set tests","Stale graph predecessor and missing target deny without mutation","Atomic preparation accepts no independent invalidation transition argument","cargo check -p worth-ui-runtime|graph predecessor tests","critical","complete","Compose; do not move graph semantics into transaction module.","swap.rs:37-103|catalog_transition.rs|verified 2026-07-12: canonical receipt-ledger -> move-only attempt -> prepare -> single-use commit route; 815/815 runtime tests; exact boundary guard and facade compile fences green"
"P10-D010","2-preparation","100","scroll acquisition","move_and_inline","runtime/invalidation_narrowing/scroll_authority.rs|scroll_binding_index.rs|consumer.rs","scroll_target|scroll_query_target|binding acquisition","Acquire host or Query scroll bindings and materialize targets.","Host witness or Query mapping|indexes|admitted contracts","Bindings|probe counts|typed lookup denial","Acquisition and probes are not fully owned by one activation outcome; digest-shaped keys remain authoritative.","runtime/activation/committed_allocation_attempt/scroll_successor.rs","prepare_scroll_successor","Compose exact structural bindings and catalog identity under the attempt.","P10-D001 identity|P10-D009 graph successor|host witness|Query mapping|receipt key","Private scroll successor|structural evidence|P10-D005 denial","Indexes accelerate full equality; diagnostics never authorize; fixed NonVirtualized and ProjectedInteractionOnly.","P10-S003|P10-S004|P10-S007|P10-D001|P10-D005|P10-D009","P10-D014|P10-D023|P10-D024|P10-D025","consumer scroll lookups|catalog transition sealing","detached acquisition_probe authority|digest-only authorization","scroll binding tests|consumer tests|catalog evidence tests","Missing|stale|duplicate|contradictory|ambiguous source denials carry exact work and identity","No detached acquisition result can authorize activation","cargo check -p worth-ui-runtime|scroll acquisition adversarial tests","critical","complete","Preserve host/Query substrate boundaries.","scroll_authority.rs:14-59|consumer.rs:184-215 and 254-275|verified 2026-07-12: canonical receipt-ledger -> move-only attempt -> prepare -> single-use commit route; 815/815 runtime tests; exact boundary guard and facade compile fences green"
"P10-D011","2-preparation","110","frame replacement","move_and_rework","runtime/activation/swap.rs","begin_allocation_frame_replacement|install_allocation_frame_replacement_successor","Begin replacement before graph; ledger; and scroll preparation; restore on failure.","Live frame scheduler state","Replacement transition or rollback repair","Preparation mutates/pauses live replacement state before all failure points are exhausted.","runtime/activation/committed_allocation_attempt/runtime_successor.rs","prepare_frame_replacement_successor","Precompute replacement successor without installing it.","Frame scheduler snapshot|attempt identity","Private replacement successor or P10-D005 denial","No compensating live restoration during preparation.","P10-D005","P10-D014|P10-D023","publish_committed_allocation|rollback constructors","precommit install_allocation_frame_replacement_successor restoration paths","atomic swap rollback tests|frame replacement tests","Every later failure preserves scheduler state bit-for-bit","No frame replacement mutation occurs before commit_once","cargo check -p worth-ui-runtime|replacement failure tests","critical","complete","This is a true atomicity repair; do before aggregate commit.","swap.rs:19-110|verified 2026-07-12: canonical receipt-ledger -> move-only attempt -> prepare -> single-use commit route; 815/815 runtime tests; exact boundary guard and facade compile fences green"
"P10-D012","2-preparation","120","active runtime","move_and_inline","runtime/atomic_plan_swap/atomic_swap.rs","PreparedActiveSuccessor::prepare|prepare_swap_payload","Construct next active artifact; execution plan; snapshot; prior-valid observations.","Ready preparation|candidate plan|active snapshot","Prepared active successor plus committed/ledger fields","Active successor construction is owned by a separate atomic transaction and clones committed outcome.","runtime/activation/committed_allocation_attempt/runtime_successor.rs","prepare_active_successor","Build active successor from validated attempt-owned facts.","Attempt identity|candidate plan|active snapshot|validated pending activation","Private next active state or P10-D005 denial","No independently movable active publication authority; canonical committed outcome retained structurally.","P10-D005|P10-D006|P10-D007","P10-D014","UiCommittedAllocationTransaction::prepare","PreparedActiveSuccessor|prepare_swap_payload as publication API","atomic_plan_swap_boundary_tests|active state tests","Candidate digest mismatch and stale state deny before mutation","Only attempt preparation builds next active state","cargo check -p worth-ui-runtime|active successor tests","high","complete","Pure builders may remain private; ownership moves.","atomic_swap.rs:17-52 and 139-225|verified 2026-07-12: canonical receipt-ledger -> move-only attempt -> prepare -> single-use commit route; 815/815 runtime tests; exact boundary guard and facade compile fences green"
"P10-D013","2-preparation","130","durable state","create","runtime/atomic_plan_swap/atomic_swap.rs","durable_resize_source.activate during commit","Derive reconciliation then mutate durable resize source after other writes begin.","Ledger transition durable reconciliation|live durable resize source","Live durable mutation","Durable successor is not precomputed; commit performs behavior after publication has begun.","runtime/activation/committed_allocation_attempt/runtime_successor.rs","prepare_durable_resize_successor","Precompute complete durable successor during preparation.","Durable reconciliation|durable source snapshot|attempt identity","Private durable successor or P10-D005 denial","Commit performs replacement only; no callbacks or validation.","P10-D005|P10-D008","P10-D014","UiPreparedCommittedAllocationActivation::commit","post-write durable_resize_source.activate","durable resize activation tests|rollback tests","Failure before commit leaves durable source unchanged; success advances with all siblings","No durable activation method is called after first commit write","cargo check -p worth-ui-runtime|durable rollback tests","critical","complete","Required for truly infallible receipt-last commit.","atomic_swap.rs:72-87|verified 2026-07-12: canonical receipt-ledger -> move-only attempt -> prepare -> single-use commit route; 815/815 runtime tests; exact boundary guard and facade compile fences green"
"P10-D014","3-aggregate","140","prepared transaction","create_and_replace","runtime/atomic_plan_swap/atomic_swap.rs","UiCommittedAllocationTransaction::prepare|UiPreparedCommittedAllocationActivation","Accept split authorities and build final prepared artifact.","Ready preparation|candidate plan|boundary|replacement|scroll evidence|invalidation transition|active state","Prepared activation","Final artifact exists but is assembled after authority has already split across arguments.","runtime/activation/committed_allocation_attempt/prepared.rs","UiPreparedCommittedAllocationActivation","Own every complete successor and deferred receipt fields as one non-Clone value.","Outputs of P10-D006 through P10-D013","Complete prepared transaction","Dropping is rollback; only commit_once consumes; no validation or fallible work remains.","P10-D006|P10-D007|P10-D008|P10-D009|P10-D010|P10-D011|P10-D012|P10-D013","P10-D015|P10-D016|P10-D019|P10-D020|P10-D021|P10-D022|P10-D023|P10-D025","publish_committed_allocation","UiCommittedAllocationTransaction::prepare|prepare_at_checkpoint","atomic swap tests|activation tests","Prepared value cannot be cloned; decomposed; or partially committed","One constructor from Attempt::prepare; zero split-authority arguments","cargo check -p worth-ui-runtime|prepared transaction tests","critical","complete","Aggregate only after all successor builders exist.","atomic_swap.rs:54-225|verified 2026-07-12: canonical receipt-ledger -> move-only attempt -> prepare -> single-use commit route; 815/815 runtime tests; exact boundary guard and facade compile fences green"
"P10-D015","3-aggregate","150","commit","rework","runtime/atomic_plan_swap/atomic_swap.rs","UiPreparedCommittedAllocationActivation::commit","Mutate invalidation index; ledger; active state; frame replacement; durable resize; then create receipt.","Prepared activation|mutable runtime","Live state and receipt","Commit still borrows RefCell; asserts; invokes behavior; and relies on upstream Option/take/expect.","runtime/activation/committed_allocation_attempt/commit.rs","UiPreparedCommittedAllocationActivation::commit_once","Install precomputed successors then construct public receipt exactly once.","Prepared transaction|pre-acquired mutation capability","WorthUiPlanSwapReceipt","No validation|allocation|lookup|counter update|borrow acquisition|Option|expect|callback after first write.","P10-D014","P10-D016|P10-D019|P10-D022|P10-D023|P10-D024|P10-D025A","publish_committed_allocation","old commit|post-write durable activation|Option-backed replacement take/expect","commit atomicity tests|failure injection tests","All live families advance together; receipt cannot exist early","Commit body contains replacement writes plus receipt construction only","cargo check -p worth-ui-runtime|all commit checkpoint tests","critical","complete","Hard gate: do not route facade until commit is actually infallible.","atomic_swap.rs:63-88 and 199-225|verified 2026-07-12: canonical receipt-ledger -> move-only attempt -> prepare -> single-use commit route; 815/815 runtime tests; exact boundary guard and facade compile fences green"
"P10-D016","4-route","160","public facade","replace_route","runtime/activation/gate.rs","activate_admitted_allocation_catalog_at_frame_boundary|publish_committed_allocation_attempt","Facade preflights; lower publisher accepts already-split inputs and publishes.","Pending activation|admitted catalog|boundary","Receipt or facade denial","Lower entry is callable by production; certification; and tests, bypassing ordinary admission sequence.","runtime/activation/gate.rs","activate_admitted_allocation_catalog_at_frame_boundary","Become sole activation entry and consume attempt directly.","Pending activation|admitted catalog|boundary","Receipt or mapped P10-D005 denial","Exactly one ordinary route from admission to commit_once.","P10-S006|P10-D003|P10-D014|P10-D015","P10-D017|P10-D018|P10-D019|P10-D020|P10-D022|P10-D026","production activation|certification support|host certification|tests","publish_committed_allocation_attempt","production_catalog_activation tests","Ordinary route covers all validation and publication","rg has one production activation entry and no lower publisher","cargo check -p worth-ui-runtime|ordinary activation tests","critical","complete","First consumer of the completed canonical transaction.","gate.rs:22-91|verified 2026-07-12: canonical receipt-ledger -> move-only attempt -> prepare -> single-use commit route; 815/815 runtime tests; exact boundary guard and facade compile fences green"
"P10-D017","4-route","170","certification","migrate_caller","certification_support/touch_origin.rs","publish_committed_allocation_attempt caller","Certify touch-origin activation through lower publisher.","Prepared intermediate values","Receipt","Certification validates a bypass unavailable to desired public architecture.","certification_support/touch_origin.rs","ordinary facade caller","Certify public admitted-catalog route.","Pending activation|admitted catalog|boundary","Receipt or denial","Certification cannot mint or consume intermediate activation authority.","P10-D016","P10-D027","touch-origin certification","direct lower-publisher call","certification touch-origin tests","Certification proves ordinary route and structural receipt identity","No certification_support reference to lower activation types","cargo test -p worth-ui-runtime certification_support","medium","complete","Migrate after facade cutover.","touch_origin.rs:168|verified 2026-07-12: canonical receipt-ledger -> move-only attempt -> prepare -> single-use commit route; 815/815 runtime tests; exact boundary guard and facade compile fences green"
"P10-D018","4-route","180","host certification","migrate_caller","runtime/host_observation/certification/file_rust_replacement.rs","publish_committed_allocation_attempt caller","Certify host replacement using lower publisher.","Prepared intermediate values","Receipt","Host certification bypasses facade and can imply host-owned activation authority.","runtime/host_observation/certification/file_rust_replacement.rs","ordinary facade caller","Use host observations as evidence and runtime facade as authority.","Pending activation|admitted catalog|boundary","Receipt or denial","Host never publishes; it supplies sealed observation only.","P10-D016","P10-D026|P10-D027","file replacement certification","direct lower-publisher call","host observation certification tests","Host viewport extent replans only graph-owned neighborhood","No host module references lower publisher or prepared transaction","cargo test -p worth-ui-runtime host_observation","high","complete","Important anti-host-fallback proof.","file_rust_replacement.rs:236|verified 2026-07-12: canonical receipt-ledger -> move-only attempt -> prepare -> single-use commit route; 815/815 runtime tests; exact boundary guard and facade compile fences green"
"P10-D019","4-route","190","test topology","migrate_callers","runtime/tests/activation|runtime/tests/diagnostics|runtime/tests/reload","ReadyFixture|direct prepare|direct gate|direct swap fixtures","Construct synthetic intermediate authorities for focused tests.","Fixture-specific partial values","Gate/swap/rollback observations","Tests preserve and legitimize forbidden sibling publishers.","runtime/tests/activation/production_catalog_activation_test_support.rs","ordinary activation fixture|closed preparation checkpoint fixture","Build admitted inputs and call ordinary facade; private checkpoints cannot mint authority.","Admitted catalog inputs|checkpoint enum","Receipt or unified denial","Tests observe behavior without alternate authority construction.","P10-D014|P10-D015|P10-D016","P10-D020|P10-D021|P10-D022|P10-D026|P10-D027","all ReadyFixture consumers|direct gate/swap tests","ReadyFixture declarations|prepare_committed_allocation_for_test|publish_committed_allocation_at_checkpoint_for_test","activation|diagnostics|reload|rollback suites","Every former fixture scenario covered through facade or closed precommit checkpoint","rg returns zero ReadyFixture and direct publication fixture symbols","cargo test -p worth-ui-runtime --lib","critical","complete","Migrate tests before deleting old APIs.","runner review 2278 counts|runtime/tests/activation|verified 2026-07-12: canonical receipt-ledger -> move-only attempt -> prepare -> single-use commit route; 815/815 runtime tests; exact boundary guard and facade compile fences green"
"P10-D020","5-delete","200","readiness residue","delete","runtime/frame_activation_gate/ready_activation.rs|runtime/activation/gate.rs","UiCommittedAllocationPreparation|prepare_committed_allocation|prepare_committed_allocation_for_test","Expose movable ready authority and test constructor.","Partial activation facts","Movable preparation","Survives as sibling authority after canonical prepare exists.","","","No replacement symbol; behavior lives privately in P10-D006.","","","No independently movable readiness authority.","P10-D006|P10-D014|P10-D016|P10-D019","P10-D027","all ready preparation callers","UiCommittedAllocationPreparation|prepare_committed_allocation|prepare_committed_allocation_for_test|into_ledger_transition","frame gate and atomic swap tests","Anti-bypass compile/search proof","rg returns zero listed symbols and ready_activation module export","cargo check -p worth-ui-runtime|cargo test -p worth-ui-runtime --lib","critical","complete","Pure deletion wave; no new wrapper.","ready_activation.rs|gate.rs:98-155|verified 2026-07-12: canonical receipt-ledger -> move-only attempt -> prepare -> single-use commit route; 815/815 runtime tests; exact boundary guard and facade compile fences green"
"P10-D021","5-delete","210","frame gate residue","delete_or_demote","runtime/frame_activation_gate/gate.rs","WorthUiFrameActivationGate","Independent authorization of ready preparation.","Ready preparation|boundary|active observation","Gate receipt or denial","Sibling authorization surface remains callable.","runtime/activation/committed_allocation_attempt/validation.rs","private frame validation functions","Keep only validation logic and evidence types.","Attempt-owned frame facts","Private evidence or unified denial","No gate object capable of authorization exists.","P10-D007|P10-D014|P10-D019","P10-D027","activate_swap_gate_or_rollback|gate tests","WorthUiFrameActivationGate|direct activate_at_boundary","frame activation gate boundary tests","Anti-bypass compile/search proof","No direct gate type or activation call remains","cargo check -p worth-ui-runtime|frame denial tests","high","complete","Evidence/denial types may remain if honestly named.","frame_activation_gate/gate.rs|verified 2026-07-12: canonical receipt-ledger -> move-only attempt -> prepare -> single-use commit route; 815/815 runtime tests; exact boundary guard and facade compile fences green"
"P10-D022","5-delete","220","atomic swap residue","delete","runtime/activation/swap.rs|runtime/atomic_plan_swap/atomic_swap.rs","publish_committed_allocation|UiCommittedAllocationTransaction|prepare_at_checkpoint","Independent swap publisher and transaction builder.","Split ready|graph|ledger|scroll|replacement inputs","Prepared activation or rollback","Allows publication beneath canonical attempt and duplicates preparation topology.","runtime/activation/committed_allocation_attempt/attempt.rs|commit.rs","Attempt::prepare|commit_once","Canonical transaction replaces all lower publication entry points.","Whole attempt|inputs|context","Receipt or unified denial","No lower swap publisher or split-input transaction survives.","P10-D014|P10-D015|P10-D016|P10-D019","P10-D027","activation swap callers|test injections","publish_committed_allocation|publish_committed_allocation_at_checkpoint_for_test|UiCommittedAllocationTransaction|prepare_at_checkpoint","atomic swap tests|rollback tests","Anti-bypass compile/search proof","rg returns zero listed publishers and transaction builders","cargo check -p worth-ui-runtime|cargo test -p worth-ui-runtime --lib","critical","complete","Delete after caller and test migration.","activation/swap.rs|atomic_swap.rs|verified 2026-07-12: canonical receipt-ledger -> move-only attempt -> prepare -> single-use commit route; 815/815 runtime tests; exact boundary guard and facade compile fences green"
"P10-D023","6-harden","230","rollback evidence","replace","runtime/atomic_plan_swap/rollback.rs|runtime/invalidation_narrowing/scroll_catalog_evidence.rs","WorthUiPlanSwapRollback|UiScrollCatalogSwapEvidence::NotAttempted","Explain partial-stage failures and restore replacement state.","Prior plan|partial transition|scalar checks","Rollback object","Early failures lack one complete attempted identity; NotAttempted can erase actual attempted scroll work.","runtime/activation/committed_allocation_attempt/denial.rs|evidence.rs","UiCommittedAllocationActivationDenial","Represent every failed attempt structurally before commit.","P10-D001 identity|predecessor and attempted successors|exact counters","Unified denial with no-mutation evidence","No successful/preparatory NotAttempted; prepared drop is rollback; commit has no rollback.","P10-D005|P10-D010|P10-D011|P10-D014|P10-D015","P10-D025A|P10-D026|P10-D027","facade denial mapping|inspection","UiScrollCatalogSwapEvidence::NotAttempted in activation outcomes|compensating rollback paths","rollback tests|scroll catalog evidence tests","Every checkpoint carries same structural identity and unchanged snapshots","rg finds no activation-success NotAttempted and no post-write rollback","cargo test -p worth-ui-runtime rollback","critical","complete","Keep prior-valid-plan inspection only if it is evidence, not authority.","runner reviews 2278 and 2392|verified 2026-07-12: canonical receipt-ledger -> move-only attempt -> prepare -> single-use commit route; 815/815 runtime tests; exact boundary guard and facade compile fences green"
"P10-D024","6-harden","240","offset projection","rekey_and_harden","runtime/scroll_owned_allocation/projection.rs|receipt_activation_key.rs","UiActivatedScrollOwner|UiScrollReceiptActivationKey|UiScrollOffsetProjectionLedger::record","Project offset without allocation invalidation.","Activated owner|receipt key|finite offset","Projection generation and zero-churn outcome","Capability is not yet proven to derive from canonical structural activation; generation overflow panics.","runtime/scroll_owned_allocation/projection.rs","canonical projection capability|typed projection denial","Seal projection capability from committed structural scroll identity and make overflow typed.","Committed structural scroll identity|finite offset","Projection-only outcome or denial","Offset never replaces allocation receipt or invalidates allocation; no panic.","P10-D010|P10-D015","P10-D026|P10-D027","offset projection callers","digest-only projection owner authorization|expect on projection generation overflow","scroll_owned_allocation tests","1000 host and 1000 Query offsets leave ledger and invalidation unchanged","No offset path calls allocation invalidation/receipt replacement; no overflow expect","cargo test -p worth-ui-runtime scroll_owned_allocation","high","complete","Preserve existing NonVirtualized and ProjectedInteractionOnly law.","projection.rs:83-181|receipt_activation_key.rs:25-29|verified 2026-07-12: canonical receipt-ledger -> move-only attempt -> prepare -> single-use commit route; 815/815 runtime tests; exact boundary guard and facade compile fences green"
"P10-D025","6-harden","250","exact cost","consolidate","runtime/invalidation_narrowing|frame_activation_gate|atomic_plan_swap","Distributed counters|publication_checks|acquisition probes","Count stage-local work.","Local operations","Scattered counter evidence","Detached/scalar counters are not a complete transaction cost proof and can overflow/panic inconsistently.","runtime/activation/committed_allocation_attempt/counters.rs","UiCommittedAllocationActivationCounters","Compose checked operation-owned counters for success and denial.","All preparation operations","Exact counter bundle or typed exhaustion denial","Exact acquisition separate from bounded diagnostics; no unchecked/saturating/lossy arithmetic.","P10-S007|P10-D005|P10-D010|P10-D014","P10-D025A|P10-D026|P10-D027","receipt and denial evidence|inspection","publication_checks|detached acquisition_probe counters|unchecked Phase 10 arithmetic","counter tests|scale tests","Unrelated sibling cardinality does not increase exact acquisition work","All Phase 10 counters checked and attached to transaction outcome","cargo test -p worth-ui-runtime counters","medium","complete","Make cost proof inspectable but never authoritative.","swap.rs:21-27|consumer.rs counters|latest repair summaries|verified 2026-07-12: canonical receipt-ledger -> move-only attempt -> prepare -> single-use commit route; 815/815 runtime tests; exact boundary guard and facade compile fences green"
"P10-D025A","6-harden","255","inspection projection","integrate","evidence/allocation/scroll_owned_evidence.rs|runtime/diagnostics|worth-ui-inspection","Phase 10 receipt and denial projection","Project existing stage-local evidence into diagnostics.","Canonical receipt|unified denial|exact counters|source lineage","Inspection record","Without integration the architectural cutover can become correct but opaque; diagnostics may keep reconstructing the old split-stage story.","existing evidence and inspection owners","canonical scroll activation inspection projection","Project canonical transaction outcome without owning or reconstructing authority.","P10-S008 contract|P10-D005 denial|P10-D015 receipt|P10-D023 evidence|P10-D025 counters","Read-only local why record with exact evidence refs","Projection is lossless for source; cause; locality; identity; denial/reuse; work; and receipt posture; logs are not authority.","P10-S008|P10-D005|P10-D015|P10-D023|P10-D025","P10-D026","runtime diagnostics|inspection facade","old split-stage reconstruction|logs-as-evidence","runtime diagnostics tests|worth-ui-inspection tests","Success and denial inspection resolve to the same structural attempt lineage","No diagnostics path reads obsolete ready/gate/swap artifacts","cargo test -p worth-ui-runtime diagnostics|cargo test -p worth-ui-inspection","high","complete","Integrate only Phase 10 outcome fields; defer Phase 12 feature expansion.","P10-S008|runner review requirement to include substrate|verified 2026-07-12: canonical receipt-ledger -> move-only attempt -> prepare -> single-use commit route; 815/815 runtime tests; exact boundary guard and facade compile fences green"
"P10-D026","7-certify","260","semantic acceptance","add_tests","runtime/tests/activation|runtime/scroll_owned_allocation/tests.rs","Focused and synthetic Phase 10 tests","Prove pieces of scroll semantics.","Test fixtures","Passing focused assertions","Focused success does not prove ordinary facade locality or canonical publication.","runtime/tests/activation/phase_10_scroll_owned_activation_tests.rs","ordinary Phase 10 acceptance suite","Prove semantics through sole public activation route.","Ordinary host and Query inputs|adversarial failures","Receipts|denials|state snapshots|exact counters","Exact neighborhood locality; typed contradiction denial; zero unrelated churn; offset inertness; rollback invariance.","P10-D016|P10-D018|P10-D019|P10-D023|P10-D024|P10-D025|P10-D025A","P10-D027","","","old synthetic-only Phase 10 fixtures","Host viewport extent locality|Query content extent locality|unsupported ownership|contradictory ownership|1000 offsets each source|every preparation checkpoint","All acceptance cases use activate_admitted_allocation_catalog_at_frame_boundary","cargo test -p worth-ui-runtime phase_10_scroll_owned","critical","complete","This is the honest Phase 10 behavioral gate.","milestone-3.8.md Phase 10 test requirements|verified 2026-07-12: ordinary Phase 10 host and Query locality acceptance; typed unadmitted-ownership denial; 1,000 host plus 1,000 Query offset projections with zero allocation churn"
"P10-D027","8-closeout","270","closeout","audit","workspace-wide","Phase 10 forbidden-surface and broad-suite audit","Determine whether canonical cutover is complete.","Codebase|tests|exports","Pass/fail closeout decision","Without mechanical residue checks Phase 10 can pass while sibling publishers survive.","automation/phase_runner or certification checks","Phase 10 architectural closeout gate","Enforce deletion ledger; broad tests; format; line caps; canonical route.","All prior delta outputs","Phase 10 review-ready evidence","Every dependency complete; zero forbidden symbols; broad suite green; no focused-test substitution.","P10-D017|P10-D018|P10-D019|P10-D020|P10-D021|P10-D022|P10-D023|P10-D024|P10-D025|P10-D026","","","into_activation_components|UiCommittedAllocationPreparation|prepare_committed_allocation_for_test|WorthUiFrameActivationGate activation|publish_committed_allocation_attempt|publish_committed_allocation|UiCommittedAllocationTransaction|prepare_at_checkpoint|ReadyFixture|activation-success NotAttempted|detached acquisition_probe authority","workspace runtime and certification suites","Canonical constructor-to-commit path|anti-bypass|broad semantic and rollback proof","All dependency rows complete and every forbidden-symbol rg returns zero","cargo fmt -p worth-ui-runtime -- --check|line-cap check|cargo check -p worth-ui-runtime|cargo test -p worth-ui-runtime --lib|relevant workspace tests","critical","complete","Only this row permits Phase 10 review_passed.","runner review 2392|milestone acceptance|coding guideline laws|verified 2026-07-12: 815/815 runtime tests; 50/50 runtime-authority compile fences; 4/4 plan-swap facade fences; dependent host, Query, and inspection crates green; format and changed-file line-cap gates green"
